date,actual_avg_price_inr_per_kg,predicted_avg_price_inr_per_kg,model_run_date,horizon_days,model_version
2014-11-07,765.73,,,,
2015-01-14,861.93,,,,
2015-05-01,706.6245751910258,,,,
2015-05-02,681.104290239293,,,,
2015-05-04,673.6159615838778,,,,
2015-05-05,688.4101354935542,,,,
2015-05-06,683.0640637184487,,,,
2015-05-07,671.5249613437463,,,,
2015-05-08,673.2117879798701,,,,
2015-05-09,661.6213368338979,,,,
2015-05-11,653.8114940537134,,,,
2015-05-12,683.131062896961,,,,
2015-05-13,659.0775320960554,,,,
2015-05-14,642.1882171024033,,,,
2015-05-15,640.2517809774382,,,,
2015-05-16,611.111555028605,,,,
2015-05-18,627.98,,,,
2015-05-19,651.3311317819938,,,,
2015-05-20,650.5820621950274,,,,
2015-05-21,661.8411536922154,,,,
2015-05-22,640.8228385046019,,,,
2015-05-23,630.6704734817482,,,,
2015-05-25,664.29,,,,
2015-05-26,685.3843984308203,,,,
2015-05-27,701.051580720186,,,,
2015-05-28,675.7031585643854,,,,
2015-05-29,667.0316587842235,,,,
2015-05-30,656.005538065879,,,,
2015-06-01,663.35,,,,
2015-06-02,670.9020586984261,,,,
2015-06-03,650.7540407480433,,,,
2015-06-04,639.4068510448478,,,,
2015-06-05,623.3480557043385,,,,
2015-06-06,622.620117308865,,,,
2015-06-08,639.9743676509398,,,,
2015-06-09,670.7279419612364,,,,
2015-06-10,665.5027721462411,,,,
2015-06-11,663.911604255374,,,,
2015-06-12,662.1351273831617,,,,
2015-06-13,661.6688743370173,,,,
2015-06-15,649.52,,,,
2015-06-16,655.2429845655619,,,,
2015-06-17,658.69,,,,
2015-06-18,631.12,,,,
2015-06-19,637.2308124067629,,,,
2015-06-20,635.3022491964272,,,,
2015-06-22,645.2145083225475,,,,
2015-06-23,680.5509796524364,,,,
2015-06-24,686.0271461107509,,,,
2015-06-25,686.127028846154,,,,
2015-06-26,697.6658956922804,,,,
2015-06-27,698.3190823209861,,,,
2015-06-29,691.8528711709644,,,,
2015-06-30,688.4764817115251,,,,
2015-07-01,673.7220014815813,,,,
2015-07-02,663.0172846571697,,,,
2015-07-03,657.3824654936509,,,,
2015-07-04,651.1339009679389,,,,
2015-07-06,643.9178371241541,,,,
2015-07-07,639.9190021505801,,,,
2015-07-08,654.5772612052288,,,,
2015-07-09,648.1768540736607,,,,
2015-07-10,636.2618941116771,,,,
2015-07-11,628.0593771001949,,,,
2015-07-13,638.4744258339814,,,,
2015-07-14,645.0217486540305,,,,
2015-07-15,656.0636029411764,,,,
2015-07-16,639.32,,,,
2015-07-17,659.99,,,,
2015-07-20,624.7070540829377,,,,
2015-07-21,628.0793346864357,,,,
2015-07-22,626.8188909563222,,,,
2015-07-23,627.8436924439197,,,,
2015-07-24,630.8939197021261,,,,
2015-07-25,627.6219221534611,,,,
2015-07-27,627.4698320189968,,,,
2015-07-28,631.1980793962289,,,,
2015-07-29,619.0288804817442,,,,
2015-07-30,622.9250568961204,,,,
2015-07-31,622.5545269943593,,,,
2015-08-01,609.1856116396311,,,,
2015-08-03,634.46,,,,
2015-08-04,636.6629935848548,,,,
2015-08-05,639.6445550684821,,,,
2015-08-06,643.5051324818597,,,,
2015-08-07,637.5107470637715,,,,
2015-08-08,637.1698526782521,,,,
2015-08-10,638.6058871869345,,,,
2015-08-11,651.5216498564985,,,,
2015-08-12,651.3183831740708,,,,
2015-08-13,644.5793564043047,,,,
2015-08-14,642.6640024967785,,,,
2015-08-17,615.39,,,,
2015-08-18,634.7343039396351,,,,
2015-08-19,629.0161842779034,,,,
2015-08-20,615.9736283335526,,,,
2015-08-21,612.0931588066339,,,,
2015-08-22,610.388033359781,,,,
2015-08-24,620.6729494144494,,,,
2015-08-25,632.8744795622212,,,,
2015-08-26,648.87,,,,
2015-08-29,656.63,,,,
2015-08-31,650.7276127970534,,,,
2015-10-01,651.8256526183321,,,,
2015-10-03,636.4069883441892,,,,
2015-10-05,622.502363170119,,,,
2015-10-06,647.4942151500928,,,,
2015-10-07,630.8479811585553,,,,
2015-10-08,630.6657905134396,,,,
2015-10-09,617.4912661222106,,,,
2015-10-10,623.3946814207422,,,,
2015-10-12,619.267807775378,,,,
2015-10-13,631.6693885635859,,,,
2015-10-14,613.1178012906547,,,,
2015-10-15,618.83,,,,
2015-10-16,616.5662525109886,,,,
2015-10-17,601.3312256479261,,,,
2015-10-19,599.9574204543327,,,,
2015-10-20,600.3931191788633,,,,
2015-10-22,624.130093891576,,,,
2015-10-23,623.912854602295,,,,
2015-10-24,594.3351066243193,,,,
2015-10-26,594.5114860455217,,,,
2015-10-27,601.6819120774944,,,,
2015-10-28,589.11,,,,
2015-10-29,611.7010016246259,,,,
2015-10-30,589.44317962231,,,,
2015-10-31,597.7189847635899,,,,
2015-11-02,597.4144813133078,,,,
2015-11-03,624.4279108973478,,,,
2015-11-04,620.8454848988513,,,,
2015-11-05,608.8101130425509,,,,
2015-11-06,603.2832353127014,,,,
2015-11-07,620.5869194179754,,,,
2015-11-11,649.42,,,,
2015-11-12,617.0237443593846,,,,
2015-11-13,636.49,,,,
2015-11-14,610.7892649379706,,,,
2015-11-16,572.92,,,,
2015-11-18,584.5846688520943,,,,
2015-11-19,585.0917907289615,,,,
2015-11-20,585.2715562019214,,,,
2015-11-21,597.5369553441683,,,,
2015-11-23,608.7987776678167,,,,
2015-11-24,626.2119995568739,,,,
2015-11-25,613.3716619809088,,,,
2015-11-26,630.4454559817498,,,,
2015-11-27,619.6296326094554,,,,
2015-11-28,620.7687150892582,,,,
2015-11-30,614.3738464568854,,,,
2015-12-01,614.7588384504301,,,,
2015-12-02,608.2165751458763,,,,
2015-12-03,603.7347655290941,,,,
2015-12-04,587.1473299453218,,,,
2015-12-05,600.2746336504854,,,,
2015-12-07,600.9345697151665,,,,
2015-12-08,604.3857785935136,,,,
2015-12-09,598.1447507238062,,,,
2015-12-10,599.8872120732137,,,,
2015-12-11,573.24,,,,
2015-12-12,598.1347836421872,,,,
2015-12-14,569.74,,,,
2015-12-15,595.3962658534097,,,,
2015-12-16,585.202364831328,,,,
2015-12-17,600.0824301726203,,,,
2015-12-18,585.6639184192214,,,,
2015-12-19,591.9791713386898,,,,
2015-12-21,571.954464596876,,,,
2015-12-22,581.18718354721,,,,
2015-12-23,572.3927249235765,,,,
2015-12-24,586.169318250955,,,,
2015-12-26,577.89,,,,
2015-12-28,571.4615148388539,,,,
2015-12-29,576.2602282683883,,,,
2015-12-30,586.353152912606,,,,
2015-12-31,601.4558857420327,,,,
2016-01-01,589.4653863489344,,,,
2016-01-02,596.1092997240675,,,,
2016-01-04,590.5814752339686,,,,
2016-01-05,604.7994785142737,,,,
2016-01-06,615.2444813221284,,,,
2016-01-07,614.4659594580478,,,,
2016-01-08,605.8565010439058,,,,
2016-01-09,605.1678804614745,,,,
2016-01-11,581.6401999091681,,,,
2016-01-12,599.6814554765795,,,,
2016-01-13,589.2120383287684,,,,
2016-01-14,595.7114258734819,,,,
2016-01-18,562.3625267564695,,,,
2016-01-19,579.4966328273003,,,,
2016-01-20,567.54441359283,,,,
2016-01-21,585.8748085131516,,,,
2016-01-22,554.5583281959797,,,,
2016-01-23,568.3752834927795,,,,
2016-01-25,577.8899809442908,,,,
2016-01-27,572.0343351094571,,,,
2016-01-28,582.9077908344473,,,,
2016-01-29,561.3571200762685,,,,
2016-01-30,579.7658604229775,,,,
2016-02-01,563.5921128444719,,,,
2016-02-02,556.6181767737769,,,,
2016-02-03,534.4415669239144,,,,
2016-02-04,552.9116484409332,,,,
2016-02-05,528.0855943252309,,,,
2016-02-06,541.8594042237648,,,,
2016-02-08,547.0178378314126,,,,
2016-02-09,558.9964535344564,,,,
2016-02-10,544.7978861338029,,,,
2016-02-11,583.7368917877709,,,,
2016-02-12,540.7695260029984,,,,
2016-02-13,563.4007750887413,,,,
2016-02-15,559.1892870192623,,,,
2016-02-16,577.0902675672928,,,,
2016-02-17,573.7441507891945,,,,
2016-02-18,568.1174152789495,,,,
2016-02-19,540.533083788821,,,,
2016-02-20,572.7336675844687,,,,
2016-02-22,537.9502493535986,,,,
2016-02-23,551.4824741576689,,,,
2016-02-24,551.95,,,,
2016-02-25,560.1629074641064,,,,
2016-02-26,538.7524275845851,,,,
2016-02-27,557.9683718475218,,,,
2016-02-29,539.9715537913642,,,,
2016-03-01,562.3554948006825,,,,
2016-03-02,556.4137100187288,,,,
2016-03-03,557.2664960496879,,,,
2016-03-04,526.3433921395263,,,,
2016-03-05,545.5097846337366,,,,
2016-03-07,532.4181201710446,,,,
2016-03-08,544.8455492585317,,,,
2016-03-09,533.9442916907428,,,,
2016-03-10,532.7415002121244,,,,
2016-03-11,495.3360934373094,,,,
2016-03-12,526.6680347488413,,,,
2016-03-14,529.4696547095555,,,,
2016-03-15,528.767042490045,,,,
2016-03-16,529.9314187822441,,,,
2016-03-17,529.5821978740657,,,,
2016-03-18,512.5628727861113,,,,
2016-03-19,520.0768749784877,,,,
2016-03-21,506.8448194650574,,,,
2016-03-22,533.2203012188975,,,,
2016-03-23,534.74,,,,
2016-03-24,541.1650046397787,,,,
2016-03-28,554.3958727359626,,,,
2016-03-29,559.8251358845475,,,,
2016-03-31,560.8293528234627,,,,
2016-04-01,558.6112170895865,,,,
2016-04-02,606.5605284355125,,,,
2016-04-04,648.8,,,,
2016-04-05,633.6962297200641,,,,
2016-04-06,631.7354222691426,,,,
2016-04-07,607.0263776098,,,,
2016-04-08,589.3970672722464,,,,
2016-04-09,601.1073034405382,,,,
2016-04-11,613.05,,,,
2016-04-12,608.4525023095221,,,,
2016-04-13,633.3516310051383,,,,
2016-04-15,653.215317854234,,,,
2016-04-16,657.1361430587028,,,,
2016-04-18,677.44,,,,
2016-04-19,660.9194472768838,,,,
2016-04-20,647.5316394845916,,,,
2016-04-21,652.1739995737951,,,,
2016-04-22,635.7191462644307,,,,
2016-04-23,656.2560143221372,,,,
2016-04-25,681.12,,,,
2016-04-26,661.493784040968,,,,
2016-04-27,671.8104697379395,,,,
2016-04-28,671.7896738218749,,,,
2016-04-29,666.1495990128185,,,,
2016-04-30,723.4394449533387,,,,
2016-05-02,700.0603995703761,,,,
2016-05-03,711.3319486770556,,,,
2016-05-04,731.3480731546642,,,,
2016-05-05,727.9721263140121,,,,
2016-05-06,695.3313960590754,,,,
2016-05-07,715.6077712973967,,,,
2016-05-09,670.8805189315857,,,,
2016-05-10,695.0915671983873,,,,
2016-05-11,669.9392213985051,,,,
2016-05-12,681.2043506814723,,,,
2016-05-13,651.9640877494435,,,,
2016-05-14,681.5391714735593,,,,
2016-05-17,694.7626235020477,,,,
2016-05-19,707.6959511838129,,,,
2016-05-20,673.8493435336353,,,,
2016-05-21,688.0128472789767,,,,
2016-05-23,708.062565352803,,,,
2016-05-24,718.0801542068543,,,,
2016-05-25,703.3861278628563,,,,
2016-05-26,701.0920955642291,,,,
2016-05-27,651.3441692641367,,,,
2016-05-28,668.3719014095757,,,,
2016-05-30,701.6453699362401,,,,
2016-05-31,690.5125450541643,,,,
2016-06-01,684.74,,,,
2016-06-02,698.9071949751785,,,,
2016-06-03,667.6021267879091,,,,
2016-06-04,684.5783681046019,,,,
2016-06-06,718.1098274505543,,,,
2016-06-07,720.5321743363553,,,,
2016-06-08,718.88,,,,
2016-06-09,705.2885166508122,,,,
2016-06-10,670.26,,,,
2016-06-11,729.7726471364957,,,,
2016-06-13,725.9649319568058,,,,
2016-06-14,742.7979095990538,,,,
2016-06-15,731.7067033746384,,,,
2016-06-16,761.3109952220952,,,,
2016-06-17,746.0512295961552,,,,
2016-06-18,769.7123469061119,,,,
2016-06-20,825.3674235301464,,,,
2016-06-21,807.7111126814292,,,,
2016-06-22,798.9268881866706,,,,
2016-06-23,772.8420252514333,,,,
2016-06-24,758.3898886662708,,,,
2016-06-25,771.1292176099657,,,,
2016-06-27,776.7947292338486,,,,
2016-06-28,782.7420171866725,,,,
2016-06-29,786.3042285561048,,,,
2016-06-30,746.2736179924505,,,,
2016-07-01,746.8074113833026,,,,
2016-07-02,783.4414824137697,,,,
2016-07-04,790.7323744720787,,,,
2016-07-05,797.4366867371737,,,,
2016-07-07,783.8969164376686,,,,
2016-07-08,803.1019629536128,,,,
2016-07-09,812.0189287707213,,,,
2016-07-11,782.2080360371019,,,,
2016-07-12,803.8749107847648,,,,
2016-07-13,801.014595203359,,,,
2016-07-14,795.7798992253893,,,,
2016-07-15,806.5300296339534,,,,
2016-07-16,800.0586552228563,,,,
2016-07-18,787.1320174134434,,,,
2016-07-19,797.9902128010485,,,,
2016-07-20,797.4600181124301,,,,
2016-07-21,792.0419484226513,,,,
2016-07-22,775.852901237118,,,,
2016-07-23,781.9908577302294,,,,
2016-07-25,797.4720907933099,,,,
2016-07-26,803.0797930682668,,,,
2016-07-27,813.3425512596009,,,,
2016-07-28,807.0026622417176,,,,
2016-07-29,794.2058740386278,,,,
2016-07-30,786.6883292000393,,,,
2016-08-01,814.3740406055331,,,,
2016-08-02,810.5869198664441,,,,
2016-08-03,806.4153200541787,,,,
2016-08-04,808.1431031257971,,,,
2016-08-05,781.706577657225,,,,
2016-08-06,804.153890541771,,,,
2016-08-08,818.8924149862712,,,,
2016-08-10,877.6830821277392,,,,
2016-08-11,898.362895970859,,,,
2016-08-12,899.6580229305489,,,,
2016-08-13,937.9056419809115,,,,
2016-08-16,973.849834833195,,,,
2016-08-17,1044.964298906714,,,,
2016-08-18,1026.135004626019,,,,
2016-08-19,953.5639548196177,,,,
2016-08-20,961.1242897932779,,,,
2016-08-22,953.6151235954618,,,,
2016-08-23,984.1682431763343,,,,
2016-08-24,987.3976552426195,,,,
2016-08-25,922.1758213623202,,,,
2016-08-26,952.1273345456357,,,,
2016-08-27,981.9186287865095,,,,
2016-08-29,967.7828334068226,,,,
2016-08-30,970.8959650821793,,,,
2016-08-31,974.7091710198076,,,,
2016-09-01,947.4881863295329,,,,
2016-09-02,917.3947832226552,,,,
2016-09-03,922.0137128197695,,,,
2016-09-05,930.4324432015659,,,,
2016-09-06,894.7655330094583,,,,
2016-09-07,888.9590846847071,,,,
2016-09-08,927.2344713588288,,,,
2016-09-09,947.14,,,,
2016-09-10,939.4936922060881,,,,
2016-09-13,990.6932554484524,,,,
2016-09-15,1013.7505183072218,,,,
2016-09-17,990.05,,,,
2016-09-19,993.4592333192671,,,,
2016-09-20,995.2065276233535,,,,
2016-09-21,995.971182783702,,,,
2016-09-22,973.2760434219954,,,,
2016-09-23,947.2226503641809,,,,
2016-09-24,939.006049920104,,,,
2016-09-26,978.2363223446024,,,,
2016-09-27,967.0895064270239,,,,
2016-09-28,957.5354162917645,,,,
2016-09-29,975.1180642005088,,,,
2016-09-30,946.4244524927133,,,,
2016-10-01,959.6944106522766,,,,
2016-10-03,955.4622864528376,,,,
2016-10-04,985.6142951904993,,,,
2016-10-05,958.089521215808,,,,
2016-10-06,973.0871217767178,,,,
2016-10-07,958.6659911468408,,,,
2016-10-08,987.7325339711854,,,,
2016-10-11,1032.6783990358276,,,,
2016-10-12,1033.202020461872,,,,
2016-10-13,1046.2917352439013,,,,
2016-10-14,998.9561920154982,,,,
2016-10-15,1015.8821137854004,,,,
2016-10-17,1010.5958844647057,,,,
2016-10-18,1027.1225881142454,,,,
2016-10-19,1028.5002218754166,,,,
2016-10-20,1028.728997774101,,,,
2016-10-21,1034.1254932247812,,,,
2016-10-22,1038.015950164475,,,,
2016-10-24,1084.0807098413134,,,,
2016-10-25,1084.4788351828668,,,,
2016-10-26,1100.1983719686723,,,,
2016-10-27,1110.6340963900752,,,,
2016-10-28,1128.4416084110849,,,,
2016-10-31,1168.76,,,,
2016-11-01,1144.7669222108775,,,,
2016-11-02,1184.8089209839309,,,,
2016-11-03,1152.5465121792565,,,,
2016-11-04,1161.8120475588619,,,,
2016-11-05,1171.1345214987703,,,,
2016-11-07,1288.8060501849445,,,,
2016-11-08,1358.6045217825836,,,,
2016-11-10,1291.3230042313116,,,,
2016-11-11,1251.8412001558731,,,,
2016-11-12,1208.6142131423142,,,,
2016-11-14,1267.49,,,,
2016-11-16,1312.15,,,,
2016-11-18,1236.4120816453074,,,,
2016-11-19,1252.28,,,,
2016-11-21,1297.44,,,,
2016-11-22,1248.0351449553254,,,,
2016-11-23,1233.2364303432964,,,,
2016-11-24,1246.5855127363384,,,,
2016-11-25,1295.9579799667083,,,,
2016-11-26,1305.24747780101,,,,
2016-11-28,1322.9236551554213,,,,
2016-11-29,1331.836969964127,,,,
2016-11-30,1314.088796226265,,,,
2016-12-01,1290.2453702386292,,,,
2016-12-02,1236.542051571053,,,,
2016-12-03,1236.2955337362291,,,,
2016-12-05,1190.819117851799,,,,
2016-12-08,1251.6586564667725,,,,
2016-12-09,1240.191595417828,,,,
2016-12-10,1240.6067591283206,,,,
2016-12-12,1240.65,,,,
2016-12-13,1219.7720577900072,,,,
2016-12-14,1217.7868418598123,,,,
2016-12-15,1211.4962121527185,,,,
2016-12-16,1190.8308943750492,,,,
2016-12-17,1193.6481946474337,,,,
2016-12-19,1196.33,,,,
2016-12-20,1154.2493082527403,,,,
2016-12-21,1161.2673660640044,,,,
2016-12-22,1152.8711463645686,,,,
2016-12-23,1122.1269415271076,,,,
2016-12-24,1147.98,,,,
2016-12-26,1153.47,,,,
2016-12-27,1188.3702716603427,,,,
2016-12-28,1213.8696509548836,,,,
2016-12-29,1223.7586227824756,,,,
2016-12-30,1198.2966573567737,,,,
2016-12-31,1243.2,,,,
2017-01-02,1288.8,,,,
2017-01-03,1307.1722980496916,,,,
2017-01-04,1392.9473066409605,,,,
2017-01-05,1340.6661655342727,,,,
2017-01-06,1384.9125235890149,,,,
2017-01-07,1351.1994345462613,,,,
2017-01-09,1329.84090780533,,,,
2017-01-10,1356.8399691083728,,,,
2017-01-11,1368.4091482318227,,,,
2017-01-12,1365.9268029019609,,,,
2017-01-13,1366.6357312616228,,,,
2017-01-17,1384.9853865510536,,,,
2017-01-18,1376.2779597459607,,,,
2017-01-19,1383.3562797424458,,,,
2017-01-21,1354.44023754635,,,,
2017-01-23,1353.938011276627,,,,
2017-01-24,1356.8143173302865,,,,
2017-01-25,1345.6910230495141,,,,
2017-01-27,1357.0735145392423,,,,
2017-01-28,1316.222055633181,,,,
2017-01-30,1309.092119009277,,,,
2017-01-31,1319.8268322661374,,,,
2017-02-01,1331.509062402697,,,,
2017-02-02,1334.3292780079344,,,,
2017-02-03,1321.7658408237617,,,,
2017-02-04,1361.5927819237045,,,,
2017-02-06,1357.087634568265,,,,
2017-02-07,1366.9418223279895,,,,
2017-02-08,1354.2163407235735,,,,
2017-02-09,1354.2137329392508,,,,
2017-02-10,1338.2190316410124,,,,
2017-02-11,1343.9797177977537,,,,
2017-02-13,1318.4436615180753,,,,
2017-02-14,1315.5679136395236,,,,
2017-02-15,1324.7456458715756,,,,
2017-02-16,1328.7400989094558,,,,
2017-02-17,1312.329342769571,,,,
2017-02-18,1314.1918854000867,,,,
2017-02-20,1323.84,,,,
2017-02-21,1298.3357542715446,,,,
2017-02-22,1290.8144482124414,,,,
2017-02-23,1296.2703604882563,,,,
2017-02-24,1273.5983917944734,,,,
2017-02-25,1293.9900221576734,,,,
2017-02-27,1254.46,,,,
2017-02-28,1253.9432810953645,,,,
2017-03-01,1224.177562504243,,,,
2017-03-02,1223.3243878237206,,,,
2017-03-03,1193.238756052819,,,,
2017-03-04,1210.1060782233628,,,,
2017-03-06,1196.97,,,,
2017-03-07,1234.8178344543107,,,,
2017-03-08,1268.587986285699,,,,
2017-03-09,1259.618286977835,,,,
2017-03-10,1217.3150167785236,,,,
2017-03-11,1251.922085735614,,,,
2017-03-13,1215.93,,,,
2017-03-14,1174.4523240161434,,,,
2017-03-15,1178.7303487491567,,,,
2017-03-16,1177.833335685456,,,,
2017-03-17,1174.9752131394323,,,,
2017-03-18,1198.7073369559469,,,,
2017-03-20,1183.37,,,,
2017-03-21,1185.8239058796569,,,,
2017-03-22,1189.4762863586832,,,,
2017-03-23,1179.920158288406,,,,
2017-03-24,1161.3516798464975,,,,
2017-03-25,1185.2105781348043,,,,
2017-03-27,1117.8728309097864,,,,
2017-03-28,1160.7098448615643,,,,
2017-03-29,1167.6415158620111,,,,
2017-03-30,1173.8733744597428,,,,
2017-03-31,1104.47,,,,
2017-04-01,1183.5122161749578,,,,
2017-04-03,1127.4799432221434,,,,
2017-04-04,1182.454560029251,,,,
2017-04-05,1161.6815595659425,,,,
2017-04-06,1164.0248541822807,,,,
2017-04-07,1121.94,,,,
2017-04-08,1087.5484863277666,,,,
2017-04-10,1079.6404529855238,,,,
2017-04-11,1082.041209385181,,,,
2017-04-17,1008.9748987729508,,,,
2017-04-18,949.9014631520256,,,,
2017-04-19,893.8983918358076,,,,
2017-04-20,893.4430495390689,,,,
2017-04-21,937.9102925770259,,,,
2017-04-22,983.9296945607217,,,,
2017-04-24,1005.1283263652624,,,,
2017-04-25,1024.5675607738083,,,,
2017-04-26,992.2436319380557,,,,
2017-04-27,954.2966936595105,,,,
2017-04-28,942.88701498453,,,,
2017-04-29,954.8767419424138,,,,
2017-05-01,956.41,,,,
2017-05-02,956.98,,,,
2017-05-03,967.6306936416186,,,,
2017-05-04,998.0376488041015,,,,
2017-05-05,993.2873394947228,,,,
2017-05-06,977.3714822773945,,,,
2017-05-08,970.9123200024146,,,,
2017-05-09,951.7124993997354,,,,
2017-05-10,957.6284485470419,,,,
2017-05-11,950.9170872359159,,,,
2017-05-12,887.1961497598994,,,,
2017-05-13,916.7412707225834,,,,
2017-05-15,897.4234074603535,,,,
2017-05-16,911.8461720819481,,,,
2017-05-17,917.2459010083595,,,,
2017-05-18,921.2883845559355,,,,
2017-05-19,878.7970968664868,,,,
2017-05-20,891.7281182674685,,,,
2017-05-22,851.1941149117964,,,,
2017-05-23,890.9892592512548,,,,
2017-05-24,878.7149002873191,,,,
2017-05-25,881.0408344731343,,,,
2017-05-26,801.7971603999299,,,,
2017-05-27,909.0876302230517,,,,
2017-05-29,890.99,,,,
2017-05-30,895.665987149385,,,,
2017-05-31,921.3996742401082,,,,
2017-06-01,922.2219896021682,,,,
2017-06-02,845.6904916754597,,,,
2017-06-03,954.1175560919506,,,,
2017-06-05,982.68,,,,
2017-06-06,1009.1748931028269,,,,
2017-06-07,1008.5904031415532,,,,
2017-06-08,945.880771166167,,,,
2017-06-09,910.3697808072134,,,,
2017-06-10,964.4033928427525,,,,
2017-06-12,983.91,,,,
2017-06-13,931.6759984470425,,,,
2017-06-14,953.6484688437656,,,,
2017-06-15,968.3252923511982,,,,
2017-06-16,930.7708665228139,,,,
2017-06-17,1016.3524859467419,,,,
2017-06-19,987.47,,,,
2017-06-20,955.1599658865578,,,,
2017-06-21,979.8872606154032,,,,
2017-06-22,979.5267652058918,,,,
2017-06-23,949.3875317811587,,,,
2017-06-24,967.0108940875186,,,,
2017-06-27,873.319169407853,,,,
2017-06-28,894.09,,,,
2017-06-29,837.0500726932642,,,,
2017-06-30,818.52,,,,
2017-07-01,898.43,,,,
2017-07-03,860.9,,,,
2017-07-04,847.7796853198554,,,,
2017-07-05,854.6807609624052,,,,
2017-07-06,892.1351684277638,,,,
2017-07-07,892.2710511998944,,,,
2017-07-08,935.5740271201033,,,,
2017-07-10,934.04,,,,
2017-07-11,940.0954072014647,,,,
2017-07-12,933.4008927842032,,,,
2017-07-13,939.4473901573284,,,,
2017-07-14,935.3536061080524,,,,
2017-07-15,954.5250132734109,,,,
2017-07-17,991.35,,,,
2017-07-18,981.1803281982062,,,,
2017-07-19,1051.1941783279642,,,,
2017-07-20,1013.1618160322523,,,,
2017-07-21,1008.5265153453361,,,,
2017-07-22,1015.0563981571261,,,,
2017-07-24,1017.7,,,,
2017-07-25,1021.4332646399971,,,,
2017-07-26,1080.5309121253902,,,,
2017-07-27,1060.9013983104142,,,,
2017-07-28,1050.4990854894481,,,,
2017-07-29,1074.3699519869983,,,,
2017-07-31,1083.79,,,,
2017-08-01,1086.320651718897,,,,
2017-08-02,1112.0473115985178,,,,
2017-08-03,1079.4202215724413,,,,
2017-08-04,1057.67901968342,,,,
2017-08-05,1044.404037732924,,,,
2017-08-07,1023.4175747464201,,,,
2017-08-08,1010.3235863510159,,,,
2017-08-09,1021.399936179473,,,,
2017-08-10,1028.7964719204558,,,,
2017-08-11,1006.4863327858814,,,,
2017-08-12,1062.785866673002,,,,
2017-08-14,1073.9614288617886,,,,
2017-08-16,1130.5580418079971,,,,
2017-08-17,1108.6055297434757,,,,
2017-08-18,1114.6319177361117,,,,
2017-08-19,1111.7392624787826,,,,
2017-08-21,1074.537160548718,,,,
2017-08-22,1064.9734979692846,,,,
2017-08-23,1103.0008371085669,,,,
2017-08-24,1082.1451774242519,,,,
2017-08-25,1078.5824753177149,,,,
2017-08-26,1095.086265048221,,,,
2017-08-28,1100.2105672326757,,,,
2017-08-29,1121.005467856532,,,,
2017-08-30,1144.8628958713616,,,,
2017-08-31,1118.126312951014,,,,
2017-09-02,1121.76375282884,,,,
2017-09-05,1125.4159372554545,,,,
2017-09-06,1184.88,,,,
2017-09-07,1142.4097681568194,,,,
2017-09-08,1149.10831356139,,,,
2017-09-09,1141.3050188010661,,,,
2017-09-11,1203.0156051986778,,,,
2017-09-12,1199.2002372526067,,,,
2017-09-13,1253.3012869562167,,,,
2017-09-14,1221.7017529197997,,,,
2017-09-15,1200.0072941288931,,,,
2017-09-16,1153.9985216069515,,,,
2017-09-18,1143.5802956228067,,,,
2017-09-19,1095.1890015631861,,,,
2017-09-20,1084.7407378842763,,,,
2017-09-21,1094.8669868453871,,,,
2017-09-22,1085.6410259019772,,,,
2017-09-23,1096.8123958348856,,,,
2017-09-25,1085.8895373819655,,,,
2017-09-26,995.3207863840285,,,,
2017-09-27,990.4747925547163,,,,
2017-09-28,952.0997867431938,,,,
2017-09-30,968.9945384163746,,,,
2017-10-03,959.7502380664581,,,,
2017-10-04,975.3244541398503,,,,
2017-10-05,986.8446044242728,,,,
2017-10-06,957.3102079432397,,,,
2017-10-07,955.8932989702757,,,,
2017-10-09,935.1097780936138,,,,
2017-10-10,892.4786765186082,,,,
2017-10-11,902.8528650646036,,,,
2017-10-12,915.7980067182958,,,,
2017-10-13,909.4990122882045,,,,
2017-10-14,906.9939878581172,,,,
2017-10-16,897.3980819800315,,,,
2017-10-17,915.8539906362616,,,,
2017-10-20,911.019450231109,,,,
2017-10-21,911.0438201784946,,,,
2017-10-23,913.4491135779342,,,,
2017-10-24,922.8890038376189,,,,
2017-10-25,906.43255136397,,,,
2017-10-26,905.7021669312942,,,,
2017-10-27,888.3019519862182,,,,
2017-10-28,886.0593352065118,,,,
2017-10-30,878.8299892004595,,,,
2017-10-31,851.2926838709677,,,,
2017-11-01,849.6230596705459,,,,
2017-11-02,787.3917128478967,,,,
2017-11-03,781.7463193374567,,,,
2017-11-04,828.9013344628576,,,,
2017-11-06,801.8579940298827,,,,
2017-11-07,801.9229279781761,,,,
2017-11-08,799.8753051815072,,,,
2017-11-09,829.8239687813683,,,,
2017-11-10,846.8148353819939,,,,
2017-11-11,861.4719164303601,,,,
2017-11-13,833.798512619736,,,,
2017-11-14,835.7258641459985,,,,
2017-11-15,865.8746494308853,,,,
2017-11-16,892.7688127821502,,,,
2017-11-17,912.8812580833965,,,,
2017-11-18,904.3520122547934,,,,
2017-11-20,879.3991524408948,,,,
2017-11-21,885.1877458694576,,,,
2017-11-22,899.3293197267462,,,,
2017-11-23,908.6901194426762,,,,
2017-11-24,913.4692289129018,,,,
2017-11-25,899.2401111198212,,,,
2017-11-27,867.54,,,,
2017-11-28,852.771386453268,,,,
2017-11-29,867.5092477271032,,,,
2017-11-30,850.3420316611432,,,,
2017-12-01,846.6131876490306,,,,
2017-12-02,856.3049578154349,,,,
2017-12-04,885.818606279921,,,,
2017-12-05,903.8854798956182,,,,
2017-12-06,896.247473057809,,,,
2017-12-07,878.8252953763515,,,,
2017-12-08,861.8579947317653,,,,
2017-12-09,869.1629138430453,,,,
2017-12-11,881.9272977720057,,,,
2017-12-12,892.2457182715395,,,,
2017-12-13,928.043974756577,,,,
2017-12-14,916.12,,,,
2017-12-15,911.1281754225819,,,,
2017-12-16,920.8944412364108,,,,
2017-12-18,937.1672980749596,,,,
2017-12-19,929.5792040028475,,,,
2017-12-20,952.7759066585988,,,,
2017-12-21,934.2324193626525,,,,
2017-12-22,937.1059530901883,,,,
2017-12-23,940.5032368767332,,,,
2017-12-26,935.8388708256655,,,,
2017-12-28,926.590276602611,,,,
2017-12-29,941.9990321945094,,,,
2017-12-30,958.5754588947701,,,,
2018-01-01,969.7912146038931,,,,
2018-01-02,954.8042971571493,,,,
2018-01-03,978.8267363860675,,,,
2018-01-04,952.5009290900354,,,,
2018-01-05,961.3695909110406,,,,
2018-01-06,973.7437906128455,,,,
2018-01-08,957.8188621375031,,,,
2018-01-09,959.24955256154,,,,
2018-01-10,969.1110105531777,,,,
2018-01-11,933.2138480951874,,,,
2018-01-12,948.6230773083066,,,,
2018-01-13,964.9402410167077,,,,
2018-01-15,929.54,,,,
2018-01-16,948.9532146474893,,,,
2018-01-17,957.1481370885522,,,,
2018-01-18,943.436746172735,,,,
2018-01-19,950.8007585708106,,,,
2018-01-20,961.8674288960689,,,,
2018-01-22,948.0801521747163,,,,
2018-01-23,976.59,,,,
2018-01-24,968.1113932329458,,,,
2018-01-25,963.7081546716156,,,,
2018-01-27,983.5188370991253,,,,
2018-01-29,993.551152831393,,,,
2018-01-30,1022.3015237966761,,,,
2018-01-31,1062.2639938862244,,,,
2018-02-01,1015.1164180100475,,,,
2018-02-02,1013.2403777799684,,,,
2018-02-03,1005.4650063941656,,,,
2018-02-05,969.5628917159154,,,,
2018-02-06,1004.8812678455436,,,,
2018-02-07,996.4010356137608,,,,
2018-02-08,997.5284860087893,,,,
2018-02-09,988.7326932561839,,,,
2018-02-10,987.0367757236152,,,,
2018-02-12,971.3476753860256,,,,
2018-02-13,993.3181235931047,,,,
2018-02-14,972.8789839819269,,,,
2018-02-15,983.8466253531676,,,,
2018-02-16,978.1859550078894,,,,
2018-02-17,989.2393127806178,,,,
2018-02-19,990.3103288221504,,,,
2018-02-20,992.7267254726689,,,,
2018-02-21,987.9832003949148,,,,
2018-02-22,973.1121377838983,,,,
2018-02-23,977.2411021789853,,,,
2018-02-24,976.237032573303,,,,
2018-02-26,957.4166507080184,,,,
2018-02-27,956.7374751148292,,,,
2018-02-28,945.1365038313697,,,,
2018-03-01,942.8154934157817,,,,
2018-03-02,942.68,,,,
2018-03-03,959.3588653977872,,,,
2018-03-05,969.4399146120843,,,,
2018-03-06,989.5558160913267,,,,
2018-03-07,1001.7322371496166,,,,
2018-03-08,969.9197346176305,,,,
2018-03-09,976.16,,,,
2018-03-10,956.3412873508483,,,,
2018-03-12,932.4625783273375,,,,
2018-03-13,953.2380314997376,,,,
2018-03-14,960.2893058636319,,,,
2018-03-15,954.4696679812653,,,,
2018-03-16,963.68,,,,
2018-03-17,933.1298677065249,,,,
2018-03-19,945.7332122920584,,,,
2018-03-20,963.9892183403658,,,,
2018-03-21,951.6094157711574,,,,
2018-03-22,957.6149483385334,,,,
2018-03-23,919.42,,,,
2018-03-24,915.5735314191694,,,,
2018-03-26,904.2234738600143,,,,
2018-03-27,929.491541945379,,,,
2018-03-29,941.0536902815643,,,,
2018-04-02,968.569016427846,,,,
2018-04-03,966.465915221456,,,,
2018-04-04,984.7470221621845,,,,
2018-04-05,970.0620512489547,,,,
2018-04-06,944.9,,,,
2018-04-07,950.243432046368,,,,
2018-04-09,937.3226803366891,,,,
2018-04-10,944.0677456282724,,,,
2018-04-11,946.6012464839353,,,,
2018-04-12,932.449948049666,,,,
2018-04-16,914.0511612147088,,,,
2018-04-17,903.2433280622273,,,,
2018-04-18,892.9445530085429,,,,
2018-04-19,878.3129617547877,,,,
2018-04-20,945.59,,,,
2018-04-21,881.1463331796893,,,,
2018-04-23,873.2285604181255,,,,
2018-04-24,914.5756273146228,,,,
2018-04-25,904.0869108611997,,,,
2018-04-26,886.8410466816077,,,,
2018-04-27,907.1,,,,
2018-04-28,837.5336064812285,,,,
2018-04-30,836.2723585716618,,,,
2018-05-01,835.1300723102336,,,,
2018-05-02,784.1948357531829,,,,
2018-05-03,801.5981095801209,,,,
2018-05-04,805.2,,,,
2018-05-05,823.926351363056,,,,
2018-05-07,832.3161396755811,,,,
2018-05-08,863.5907848970592,,,,
2018-05-09,863.0049975106597,,,,
2018-05-10,814.0972954563497,,,,
2018-05-11,816.33,,,,
2018-05-12,834.7364646702038,,,,
2018-05-14,830.4533322807231,,,,
2018-05-15,805.2816272328039,,,,
2018-05-16,825.9332675444584,,,,
2018-05-17,812.2626574176338,,,,
2018-05-18,817.27,,,,
2018-05-19,760.4967607852076,,,,
2018-05-21,764.08,,,,
2018-05-22,856.63,,,,
2018-05-23,851.58,,,,
2018-05-24,830.51,,,,
2018-05-25,905.87,,,,
2018-05-26,839.82,,,,
2018-05-28,831.4,,,,
2018-05-29,828.79,,,,
2018-05-31,798.32,,,,
2018-06-01,828.24,,,,
2018-06-02,832.17,,,,
2018-06-04,785.05,,,,
2018-06-05,864.95,,,,
2018-06-06,867.26,,,,
2018-06-07,847.54,,,,
2018-06-08,904.87,,,,
2018-06-09,855.97,,,,
2018-06-11,887.66,,,,
2018-06-12,925.4,,,,
2018-06-13,956.64,,,,
2018-06-14,917.38,,,,
2018-06-15,949.92,,,,
2018-06-18,972.26,,,,
2018-06-19,1001.42,,,,
2018-06-20,978.93,,,,
2018-06-21,963.96,,,,
2018-06-23,904.52,,,,
2018-06-25,912.31,,,,
2018-06-26,975.77,,,,
2018-06-27,942.77,,,,
2018-06-28,942.02,,,,
2018-06-29,951.3,,,,
2018-06-30,1002.08,,,,
2018-07-02,982.24,,,,
2018-07-03,951.24,,,,
2018-07-04,989.97,,,,
2018-07-05,982.51,,,,
2018-07-06,1010.36,,,,
2018-07-09,976.23,,,,
2018-07-10,935.26,,,,
2018-07-11,928.67,,,,
2018-07-12,966.38,,,,
2018-07-13,1021.78,,,,
2018-07-14,992.06,,,,
2018-07-16,996.18,,,,
2018-07-17,974.56,,,,
2018-07-18,1033.65,,,,
2018-07-19,1043.98,,,,
2018-07-20,1063.03,,,,
2018-07-21,1054.69,,,,
2018-07-23,1084.6,,,,
2018-07-24,1090.03,,,,
2018-07-25,1052.86,,,,
2018-07-26,1050.29,,,,
2018-07-27,1137.3,,,,
2018-07-28,1070.68,,,,
2018-07-30,1039.21,,,,
2018-07-31,1000.37,,,,
2018-08-01,985.52,,,,
2018-08-02,963.84,,,,
2018-08-03,962.79,,,,
2018-08-06,980.73,,,,
2018-08-07,949.04,,,,
2018-08-09,982.09,,,,
2018-08-10,1020.54,,,,
2018-08-11,1025.46,,,,
2018-08-13,1074.69,,,,
2018-08-14,1106.87,,,,
2018-08-16,1212.83,,,,
2018-08-17,1244.25,,,,
2018-08-18,1266.55,,,,
2018-08-20,1220.02,,,,
2018-08-23,1168.4,,,,
2018-08-24,1151.82,,,,
2018-08-27,1197.81,,,,
2018-08-28,1267.59,,,,
2018-08-29,1307.42,,,,
2018-08-30,1222.99,,,,
2018-08-31,1202.26,,,,
2018-09-01,1252.9,,,,
2018-09-03,1240.48,,,,
2018-09-04,1249.46,,,,
2018-09-05,1239.17,,,,
2018-09-06,1255.7,,,,
2018-09-08,1323.66,,,,
2018-09-10,1314.98,,,,
2018-09-11,1312.17,,,,
2018-09-12,1308.08,,,,
2018-09-13,1308.71,,,,
2018-09-14,1283.29,,,,
2018-09-15,1256.8,,,,
2018-09-17,1259.45,,,,
2018-09-18,1230.23,,,,
2018-09-19,1256.37,,,,
2018-09-20,1247.87,,,,
2018-09-21,1259.58,,,,
2018-09-24,1268.18,,,,
2018-09-25,1261.13,,,,
2018-09-26,1252.65,,,,
2018-09-27,1253.7,,,,
2018-09-28,1247.36,,,,
2018-09-29,1230.12,,,,
2018-10-01,1187.17,,,,
2018-10-03,1173.73,,,,
2018-10-04,1145.77,,,,
2018-10-05,1185.29,,,,
2018-10-06,1157.27,,,,
2018-10-08,1177.08,,,,
2018-10-10,1175.38,,,,
2018-10-11,1168.07,,,,
2018-10-12,1174.42,,,,
2018-10-13,1177.3,,,,
2018-10-15,1226.1,,,,
2018-10-16,1217.28,,,,
2018-10-17,1196.02,,,,
2018-10-18,1249.56,,,,
2018-10-20,1224.51,,,,
2018-10-22,1238.64,,,,
2018-10-23,1194.44,,,,
2018-10-24,1218.9,,,,
2018-10-26,1203.64,,,,
2018-10-27,1184.15,,,,
2018-10-29,1192.97,,,,
2018-10-30,1200.9,,,,
2018-10-31,1230.28,,,,
2018-11-01,1215.34,,,,
2018-11-02,1209.12,,,,
2018-11-03,1247.73,,,,
2018-11-05,1250.87,,,,
2018-11-07,1290.79,,,,
2018-11-08,1264.19,,,,
2018-11-09,1243.94,,,,
2018-11-10,1246.96,,,,
2018-11-12,1236.44,,,,
2018-11-13,1278.51,,,,
2018-11-14,1345.11,,,,
2018-11-15,1389.01,,,,
2018-11-16,1333.2,,,,
2018-11-17,1331.57,,,,
2018-11-19,1347.7,,,,
2018-11-20,1308.7,,,,
2018-11-21,1314.13,,,,
2018-11-22,1279.28,,,,
2018-11-23,1287.05,,,,
2018-11-24,1301.71,,,,
2018-11-26,1336.48,,,,
2018-11-27,1333.73,,,,
2018-11-28,1352.82,,,,
2018-11-29,1375.62,,,,
2018-11-30,1347.93,,,,
2018-12-01,1320.33,,,,
2018-12-03,1307.13,,,,
2018-12-04,1284.38,,,,
2018-12-05,1303.55,,,,
2018-12-06,1293.32,,,,
2018-12-07,1324.13,,,,
2018-12-08,1350.04,,,,
2018-12-10,1322.62,,,,
2018-12-11,1317.5,,,,
2018-12-12,1314.39,,,,
2018-12-13,1346.88,,,,
2018-12-14,1326.59,,,,
2018-12-15,1312.04,,,,
2018-12-17,1327.2397290722404,,,,
2018-12-18,1311.0402819598116,,,,
2018-12-19,1295.7318511387812,,,,
2018-12-20,1304.8424858150447,,,,
2018-12-21,1331.7411643550113,,,,
2018-12-22,1351.92,,,,
2018-12-24,1307.24,,,,
2018-12-26,1332.6,,,,
2018-12-27,1307.57,,,,
2018-12-28,1314.95,,,,
2018-12-29,1281.0,,,,
2018-12-31,1312.17,,,,
2019-01-01,1325.5,,,,
2019-01-02,1326.29,,,,
2019-01-03,1328.97,,,,
2019-01-04,1345.53,,,,
2019-01-05,1387.97,,,,
2019-01-07,1403.98,,,,
2019-01-08,1393.26,,,,
2019-01-09,1439.86,,,,
2019-01-10,1391.92,,,,
2019-01-11,1420.85,,,,
2019-01-14,1475.96,,,,
2019-01-16,1486.43,,,,
2019-01-17,1500.01,,,,
2019-01-18,1526.63,,,,
2019-01-19,1544.04,,,,
2019-01-21,1549.89,,,,
2019-01-22,1511.17,,,,
2019-01-23,1471.44,,,,
2019-01-24,1522.9,,,,
2019-01-25,1471.02,,,,
2019-01-28,1463.61,,,,
2019-01-29,1449.01,,,,
2019-01-30,1476.25,,,,
2019-01-31,1492.91,,,,
2019-02-01,1448.29,,,,
2019-02-02,1496.76,,,,
2019-02-04,1479.47,,,,
2019-02-05,1452.06,,,,
2019-02-06,1460.21,,,,
2019-02-07,1447.09,,,,
2019-02-08,1418.15,,,,
2019-02-09,1383.31,,,,
2019-02-11,1331.25,,,,
2019-02-12,1344.35,,,,
2019-02-13,1414.46,,,,
2019-02-14,1445.05,,,,
2019-02-15,1434.17,,,,
2019-02-16,1426.72,,,,
2019-02-18,1393.82,,,,
2019-02-19,1408.92,,,,
2019-02-20,1382.45,,,,
2019-02-21,1390.59,,,,
2019-02-22,1433.37,,,,
2019-02-23,1371.37,,,,
2019-02-25,1407.7,,,,
2019-02-26,1396.12,,,,
2019-02-27,1397.69,,,,
2019-02-28,1399.05,,,,
2019-03-01,1383.21,,,,
2019-03-02,1404.28,,,,
2019-03-04,1414.18,,,,
2019-03-05,1450.43,,,,
2019-03-06,1424.95,,,,
2019-03-07,1433.84,,,,
2019-03-08,1447.88,,,,
2019-03-09,1417.66,,,,
2019-03-11,1409.56,,,,
2019-03-12,1402.1,,,,
2019-03-13,1423.25,,,,
2019-03-14,1427.54,,,,
2019-03-15,1422.05,,,,
2019-03-16,1437.5,,,,
2019-03-18,1471.23,,,,
2019-03-19,1493.15,,,,
2019-03-20,1463.71,,,,
2019-03-21,1486.66,,,,
2019-03-22,1526.16,,,,
2019-03-23,1491.75,,,,
2019-03-25,1521.7,,,,
2019-03-26,1531.17,,,,
2019-03-27,1568.07,,,,
2019-03-28,1600.01,,,,
2019-03-29,1595.35,,,,
2019-03-30,1642.52,,,,
2019-04-01,1692.03,,,,
2019-04-02,1719.55,,,,
2019-04-03,1642.48,,,,
2019-04-04,1619.34,,,,
2019-04-05,1663.98,,,,
2019-04-06,1641.38,,,,
2019-04-08,1629.91,,,,
2019-04-10,1625.87,,,,
2019-04-11,1657.14,,,,
2019-04-12,1622.74,,,,
2019-04-13,1711.78,,,,
2019-04-16,1760.12,,,,
2019-04-17,1786.66,,,,
2019-04-22,1752.54,,,,
2019-04-24,1833.2043583034404,,,,
2019-04-25,1897.1673073923062,,,,
2019-04-26,2135.403577490342,,,,
2019-04-27,2164.8051888281598,,,,
2019-04-29,2319.3986178292284,,,,
2019-04-30,2344.2702608359086,,,,
2019-05-01,2453.3120266389224,,,,
2019-05-02,2314.31,,,,
2019-05-03,2451.2000733906716,,,,
2019-05-04,2456.5329632015705,,,,
2019-05-06,2637.392566936456,,,,
2019-05-07,2626.433942175245,,,,
2019-05-08,2675.4933689551503,,,,
2019-05-09,2552.875832696537,,,,
2019-05-10,2569.288523371448,,,,
2019-05-11,2474.7851794761937,,,,
2019-05-13,2282.0152986265302,,,,
2019-05-14,2304.472744871547,,,,
2019-05-15,2392.4756915583503,,,,
2019-05-16,2459.47,,,,
2019-05-17,2459.019879102556,,,,
2019-05-18,2412.26,,,,
2019-05-20,2419.510373724407,,,,
2019-05-21,2367.7211119949643,,,,
2019-05-22,2342.2801982882147,,,,
2019-05-23,2353.1847607856307,,,,
2019-05-24,2366.251057944526,,,,
2019-05-25,2297.291862609891,,,,
2019-05-27,2352.6,,,,
2019-05-28,2382.0542595330216,,,,
2019-05-29,2408.632179317363,,,,
2019-05-30,2423.89,,,,
2019-05-31,2440.6703828286873,,,,
2019-06-03,2490.058261707549,,,,
2019-06-04,2579.8193644211856,,,,
2019-06-06,2547.43,,,,
2019-06-07,2512.49852395659,,,,
2019-06-08,2576.010663335859,,,,
2019-06-10,2528.45,,,,
2019-06-12,2581.372607542662,,,,
2019-06-13,2623.9030996731854,,,,
2019-06-14,2679.81,,,,
2019-06-15,2809.1310752114687,,,,
2019-06-18,3153.1424790385013,,,,
2019-06-19,3136.4172075544107,,,,
2019-06-20,3244.84,,,,
2019-06-21,3156.44,,,,
2019-06-22,3099.242855128321,,,,
2019-06-24,2941.88,,,,
2019-06-26,3073.0781002722606,,,,
2019-06-27,3132.9895427972606,,,,
2019-06-28,3074.05,,,,
2019-06-29,3246.617255811836,,,,
2019-07-02,3311.246474865634,,,,
2019-07-03,3149.4597718499663,,,,
2019-07-04,3259.72,,,,
2019-07-05,3214.3,,,,
2019-07-06,3188.2326215907456,,,,
2019-07-08,3110.594058441966,,,,
2019-07-10,3096.5124660633483,,,,
2019-07-11,3246.74,,,,
2019-07-12,3246.66,,,,
2019-07-13,3489.8631824187355,,,,
2019-07-15,3372.75,,,,
2019-07-16,3652.864126726693,,,,
2019-07-17,3631.397111655399,,,,
2019-07-18,3832.67,,,,
2019-07-19,3713.74,,,,
2019-07-20,3683.91,,,,
2019-07-22,3613.5208283575676,,,,
2019-07-24,3538.937873882422,,,,
2019-07-25,3655.35,,,,
2019-07-26,3682.8,,,,
2019-07-27,3799.842157344715,,,,
2019-07-29,3626.48,,,,
2019-07-30,3936.911505636134,,,,
2019-07-31,3984.776948582072,,,,
2019-08-01,4250.75,,,,
2019-08-02,4454.005998032459,,,,
2019-08-03,4674.705358175882,,,,
2019-08-05,4385.136910985611,,,,
2019-08-06,4309.277896335741,,,,
2019-08-07,3804.854744888881,,,,
2019-08-08,3744.78,,,,
2019-08-09,3739.05,,,,
2019-08-10,4047.112539434782,,,,
2019-08-13,3893.9518301057524,,,,
2019-08-14,3811.9116012186387,,,,
2019-08-16,3225.8847200038144,,,,
2019-08-17,3059.5,,,,
2019-08-19,2588.110324670565,,,,
2019-08-20,2351.5803670447112,,,,
2019-08-21,2735.7348018269913,,,,
2019-08-22,3045.8788566472094,,,,
2019-08-23,2615.2251142224313,,,,
2019-08-24,2648.032007369876,,,,
2019-08-26,2675.77,,,,
2019-08-27,2752.713435932943,,,,
2019-08-28,2930.6774702572948,,,,
2019-08-29,3031.1073146161157,,,,
2019-08-30,2860.2692894506254,,,,
2019-08-31,2719.6834001633447,,,,
2019-09-02,2668.4805965318974,,,,
2019-09-03,2786.6692121547494,,,,
2019-09-04,2794.2688124389924,,,,
2019-09-05,2923.3283815408886,,,,
2019-09-06,2959.5766406025923,,,,
2019-09-07,3057.0196362003016,,,,
2019-09-09,2979.2059739941114,,,,
2019-09-10,3000.4814180622243,,,,
2019-09-12,3029.5566753547755,,,,
2019-09-13,3155.772175530861,,,,
2019-09-14,3193.7031315483746,,,,
2019-09-16,3341.971972442353,,,,
2019-09-17,3413.2213507989873,,,,
2019-09-18,3371.2181708281896,,,,
2019-09-19,3319.8013633201226,,,,
2019-09-20,3208.705994087225,,,,
2019-09-21,3083.2181251642514,,,,
2019-09-23,3032.3681694230277,,,,
2019-09-24,2777.9773247460084,,,,
2019-09-25,2863.022978944211,,,,
2019-09-26,2898.577282681313,,,,
2019-09-27,3074.8352110980877,,,,
2019-09-28,2959.4553473602828,,,,
2019-09-30,2837.8720809360448,,,,
2019-10-01,2829.512095065158,,,,
2019-10-03,2908.8106511967626,,,,
2019-10-04,2934.8437854108365,,,,
2019-10-05,2954.058830108461,,,,
2019-10-07,2932.835989350492,,,,
2019-10-09,2932.966552878793,,,,
2019-10-10,2856.6086763851904,,,,
2019-10-11,2852.3379365102373,,,,
2019-10-12,2817.0092219382364,,,,
2019-10-14,2690.3515323930305,,,,
2019-10-15,2553.1211116424083,,,,
2019-10-16,2554.6238964373165,,,,
2019-10-17,2511.2451861070854,,,,
2019-10-18,2393.1994412496633,,,,
2019-10-19,2336.181069087893,,,,
2019-10-21,2241.4851358672327,,,,
2019-10-22,2254.364504908075,,,,
2019-10-23,2310.620947131506,,,,
2019-10-24,2402.5234296132608,,,,
2019-10-25,2497.5334382972524,,,,
2019-10-26,2434.15,,,,
2019-10-28,2518.4012031444777,,,,
2019-10-29,2464.6361498827064,,,,
2019-10-30,2451.433450195597,,,,
2019-10-31,2377.7569027274676,,,,
2019-11-01,2444.4261431990344,,,,
2019-11-02,2511.044857341684,,,,
2019-11-04,2681.761900552344,,,,
2019-11-05,2661.733793309491,,,,
2019-11-06,2725.417655591902,,,,
2019-11-07,2684.0510453718316,,,,
2019-11-08,2603.235569869629,,,,
2019-11-09,2565.464721412323,,,,
2019-11-11,2720.0925506895364,,,,
2019-11-12,2686.3610256410257,,,,
2019-11-13,2713.928885072277,,,,
2019-11-14,2735.4878912856457,,,,
2019-11-15,2788.7750164513823,,,,
2019-11-16,2884.9089793060875,,,,
2019-11-18,2947.3978013670144,,,,
2019-11-19,2946.855015188064,,,,
2019-11-20,2934.186964372405,,,,
2019-11-21,2815.997780857818,,,,
2019-11-22,2860.5555869631917,,,,
2019-11-23,2889.256549248017,,,,
2019-11-25,2930.853333305721,,,,
2019-11-26,2923.136813824761,,,,
2019-11-27,2921.2009079483555,,,,
2019-11-28,2918.535289252871,,,,
2019-11-29,2888.80356598688,,,,
2019-11-30,2884.6027515966116,,,,
2019-12-02,2854.0064046978578,,,,
2019-12-03,2810.7276837923346,,,,
2019-12-04,2806.9261245866683,,,,
2019-12-05,2828.10656020254,,,,
2019-12-06,2911.827156650851,,,,
2019-12-07,2882.09890229018,,,,
2019-12-09,2974.84562162345,,,,
2019-12-10,2944.718618317739,,,,
2019-12-11,2957.9698123226312,,,,
2019-12-12,2931.523053884581,,,,
2019-12-13,2943.0104575996425,,,,
2019-12-14,2963.337608730486,,,,
2019-12-16,3094.3366994607586,,,,
2019-12-17,3189.9776270984153,,,,
2019-12-18,3366.745991125596,,,,
2019-12-19,3238.442529834342,,,,
2019-12-20,3245.73205603878,,,,
2019-12-21,3291.6850608172517,,,,
2019-12-23,3513.379653081326,,,,
2019-12-24,3493.094092061894,,,,
2019-12-26,3429.715672593471,,,,
2019-12-27,3424.191652608928,,,,
2019-12-28,3603.987525553102,,,,
2019-12-30,3825.2587949611575,,,,
2019-12-31,3793.9975112898674,,,,
2020-01-01,3755.670598866379,,,,
2020-01-02,3784.095539817322,,,,
2020-01-03,3882.470492527474,,,,
2020-01-04,4057.645074399831,,,,
2020-01-06,3945.5277919441287,,,,
2020-01-07,3867.8101372863457,,,,
2020-01-08,3874.1929116134916,,,,
2020-01-09,3879.583433418875,,,,
2020-01-10,3845.5556305670348,,,,
2020-01-11,3818.7717857082484,,,,
2020-01-13,3670.192735384686,,,,
2020-01-14,3675.84,,,,
2020-01-16,3942.083769919433,,,,
2020-01-17,3907.261048397925,,,,
2020-01-18,3764.71,,,,
2020-01-20,3750.337602326981,,,,
2020-01-21,3667.8857636136518,,,,
2020-01-22,3800.8539612702507,,,,
2020-01-23,3718.406783270585,,,,
2020-01-24,3692.2739441301223,,,,
2020-01-25,3615.6880153364723,,,,
2020-01-27,3726.7213783483194,,,,
2020-01-28,3673.6932416183163,,,,
2020-01-29,3660.3780625083064,,,,
2020-01-30,3666.5011177597735,,,,
2020-01-31,3608.5140180877597,,,,
2020-02-01,3425.78152717294,,,,
2020-02-03,3489.824944781628,,,,
2020-02-04,3427.49,,,,
2020-02-05,3500.681985109063,,,,
2020-02-06,3572.8073348337466,,,,
2020-02-07,3558.792207605398,,,,
2020-02-08,3621.897521229286,,,,
2020-02-10,3742.0401020622267,,,,
2020-02-11,3614.4664135717103,,,,
2020-02-12,3576.75,,,,
2020-02-13,3520.8074642730508,,,,
2020-02-14,3350.3797445099967,,,,
2020-02-15,3389.27,,,,
2020-02-17,3374.9894032493794,,,,
2020-02-18,3256.36,,,,
2020-02-19,3261.072801545529,,,,
2020-02-20,3116.735094341771,,,,
2020-02-21,3106.1881107357167,,,,
2020-02-22,2904.269120310173,,,,
2020-02-24,2857.1431779437,,,,
2020-02-25,2762.0526413947846,,,,
2020-02-26,2966.24,,,,
2020-02-27,3211.4071403859016,,,,
2020-02-28,3067.351193810106,,,,
2020-02-29,3006.43,,,,
2020-03-02,2974.815190926407,,,,
2020-03-03,2740.19,,,,
2020-03-04,2661.1917148799707,,,,
2020-03-05,2627.66,,,,
2020-03-06,2728.76,,,,
2020-03-07,2750.8304774028384,,,,
2020-03-09,2788.2755686061873,,,,
2020-03-10,2727.253278650888,,,,
2020-03-11,2741.72,,,,
2020-03-12,2644.2087997397957,,,,
2020-03-13,2386.9370164865268,,,,
2020-03-18,2382.18,,,,
2020-03-19,2347.5626736987842,,,,
2020-05-28,1769.93,,,,
2020-06-03,1850.89,,,,
2020-06-04,1617.51,,,,
2020-06-05,1780.43,,,,
2020-06-06,1724.2,,,,
2020-06-08,1782.96,,,,
2020-06-09,1626.51,,,,
2020-06-10,1658.31,,,,
2020-06-12,1533.03,,,,
2020-06-13,1440.28,,,,
2020-06-15,1145.35,,,,
2020-06-16,1069.57,,,,
2020-06-17,1215.8,,,,
2020-06-19,1335.71,,,,
2020-06-22,1348.9,,,,
2020-06-23,1443.68,,,,
2020-06-24,1478.87,,,,
2020-06-25,1654.4,,,,
2020-06-26,1687.92,,,,
2020-06-27,1674.45,,,,
2020-06-29,1658.38,,,,
2020-06-30,1553.67,,,,
2020-07-01,1615.08,,,,
2020-07-02,1658.71,,,,
2020-07-03,1811.45,,,,
2020-07-04,1696.61,,,,
2020-07-06,1586.85,,,,
2020-07-07,1600.13,,,,
2020-07-08,1665.5,,,,
2020-07-09,1595.96,,,,
2020-07-10,1615.58,,,,
2020-07-13,1630.07,,,,
2020-07-14,1619.57,,,,
2020-07-15,1603.96,,,,
2020-07-16,1648.71,,,,
2020-07-17,1597.65,,,,
2020-07-18,1670.67,,,,
2020-07-22,1624.12,,,,
2020-07-24,1582.96,,,,
2020-07-25,1538.36,,,,
2020-07-28,1596.16,,,,
2020-07-30,1573.44,,,,
2020-08-01,1503.37,,,,
2020-08-03,1402.35,,,,
2020-08-04,1401.8,,,,
2020-08-05,1462.21,,,,
2020-08-06,1483.06,,,,
2020-08-07,1681.01,,,,
2020-08-08,1775.98,,,,
2020-08-10,1950.36,,,,
2020-08-11,1725.28,,,,
2020-08-12,1756.35,,,,
2020-08-13,1818.3,,,,
2020-08-14,1855.56,,,,
2020-08-17,1760.52,,,,
2020-08-18,1758.04,,,,
2020-08-19,1731.61,,,,
2020-08-20,1809.06,,,,
2020-08-21,1760.84,,,,
2020-08-22,1744.12,,,,
2020-08-24,1740.44,,,,
2020-08-25,1675.31,,,,
2020-08-26,1741.31,,,,
2020-08-27,1662.41,,,,
2020-08-28,1688.56,,,,
2020-08-29,1771.48,,,,
2020-09-01,1760.6,,,,
2020-09-02,1714.04,,,,
2020-09-03,1761.99,,,,
2020-09-04,1740.86,,,,
2020-09-05,1777.63,,,,
2020-09-07,1760.81,,,,
2020-09-08,1702.04,,,,
2020-09-09,1701.38,,,,
2020-09-10,1672.61,,,,
2020-09-11,1741.13,,,,
2020-09-12,1710.94,,,,
2020-09-14,1607.48,,,,
2020-09-15,1643.49,,,,
2020-09-16,1599.15,,,,
2020-09-17,1570.22,,,,
2020-09-18,1560.39,,,,
2020-09-19,1445.12,,,,
2020-09-21,1505.16,,,,
2020-09-22,1486.15,,,,
2020-09-23,1505.23,,,,
2020-09-24,1543.51,,,,
2020-09-25,1573.99,,,,
2020-09-26,1634.49,,,,
2020-09-28,1571.96,,,,
2020-09-29,1510.45,,,,
2020-09-30,1538.08,,,,
2020-10-01,1513.2236674563346,,,,
2020-10-03,1447.7931137795126,,,,
2020-10-05,1495.0088636617638,,,,
2020-10-06,1562.3270715761223,,,,
2020-10-07,1581.32,,,,
2020-10-08,1501.9813599133586,,,,
2020-10-09,1498.0991211507826,,,,
2020-10-10,1480.9601314697825,,,,
2020-10-12,1469.3603109823139,,,,
2020-10-13,1459.023159355958,,,,
2020-10-14,1413.381971833166,,,,
2020-10-15,1421.8229494874067,,,,
2020-10-16,1389.2399505432363,,,,
2020-10-17,1454.306850912809,,,,
2020-10-19,1434.539318248955,,,,
2020-10-20,1476.9731457917292,,,,
2020-10-21,1487.9151814213214,,,,
2020-10-22,1525.1755389281388,,,,
2020-10-23,1488.4490801650368,,,,
2020-10-24,1490.511004804866,,,,
2020-10-26,1406.9501682151554,,,,
2020-10-27,1403.9266209797834,,,,
2020-10-28,1403.7763894043915,,,,
2020-10-29,1419.165425674302,,,,
2020-10-30,1495.54,,,,
2020-10-31,1430.327422884327,,,,
2020-11-02,1394.6070742146367,,,,
2020-11-03,1334.5916946200168,,,,
2020-11-04,1337.919065029005,,,,
2020-11-05,1353.4415995062786,,,,
2020-11-06,1357.47,,,,
2020-11-07,1362.310485076836,,,,
2020-11-09,1484.583615963218,,,,
2020-11-10,1437.9047167695821,,,,
2020-11-11,1394.94873460959,,,,
2020-11-12,1423.6427121410143,,,,
2020-11-13,1451.76,,,,
2020-11-16,1506.162075765883,,,,
2020-11-17,1438.5809797342563,,,,
2020-11-18,1437.520799011288,,,,
2020-11-19,1426.9159681553397,,,,
2020-11-20,1483.1327235814229,,,,
2020-11-21,1537.5573038544835,,,,
2020-11-23,1634.7524437057182,,,,
2020-11-24,1564.8199756049937,,,,
2020-11-25,1585.9263886044828,,,,
2020-11-26,1627.4001653133064,,,,
2020-11-27,1675.7748233828747,,,,
2020-11-28,1632.6416375085068,,,,
2020-11-30,1590.3071776361244,,,,
2020-12-01,1602.0953511833884,,,,
2020-12-02,1604.7143451627426,,,,
2020-12-03,1652.0137680135854,,,,
2020-12-04,1662.032080670012,,,,
2020-12-05,1661.7278097170429,,,,
2020-12-07,1656.13497526148,,,,
2020-12-08,1656.0942755071512,,,,
2020-12-09,1646.2207752473055,,,,
2020-12-10,1720.884225616674,,,,
2020-12-11,1707.436834457268,,,,
2020-12-12,1717.416306909492,,,,
2020-12-14,1784.5462917988502,,,,
2020-12-15,1834.4205748843215,,,,
2020-12-16,1961.6071100840672,,,,
2020-12-17,1845.3069732421477,,,,
2020-12-18,1852.9967273558482,,,,
2020-12-19,1791.389461360271,,,,
2020-12-21,1752.354089365273,,,,
2020-12-22,1694.0843348918984,,,,
2020-12-23,1690.9,,,,
2020-12-24,1725.8337156320881,,,,
2020-12-26,1835.1980186042601,,,,
2020-12-28,1810.8679779970146,,,,
2020-12-29,1747.5165862284312,,,,
2020-12-30,1758.845934425342,,,,
2020-12-31,1690.525056125165,,,,
2021-01-01,1710.89,,,,
2021-01-02,1705.959062574146,,,,
2021-01-04,1641.2804136122525,,,,
2021-01-05,1613.3297445298258,,,,
2021-01-06,1669.326051810647,,,,
2021-01-07,1690.3934052486384,,,,
2021-01-08,1676.87,,,,
2021-01-09,1676.525593698852,,,,
2021-01-11,1636.6482902562134,,,,
2021-01-12,1549.7648419571133,,,,
2021-01-13,1586.65,,,,
2021-01-15,1658.4190884302411,,,,
2021-01-16,1652.23,,,,
2021-01-19,1607.8097903729622,,,,
2021-01-20,1615.1712769557778,,,,
2021-01-21,1545.1869740807426,,,,
2021-01-22,1573.817515007007,,,,
2021-01-23,1580.1643468650752,,,,
2021-01-25,1574.83,,,,
2021-01-27,1545.6523841363046,,,,
2021-01-28,1605.397922023622,,,,
2021-01-29,1513.0188712509694,,,,
2021-01-30,1459.6012260702755,,,,
2021-02-01,1455.84,,,,
2021-02-02,1528.6272032503234,,,,
2021-02-03,1575.21,,,,
2021-02-04,1574.3570122996052,,,,
2021-02-05,1573.8726204334364,,,,
2021-02-06,1509.1423623043534,,,,
2021-02-08,1523.5731150852062,,,,
2021-02-09,1506.2638801386622,,,,
2021-02-10,1513.7845694694347,,,,
2021-02-11,1523.74,,,,
2021-02-12,1488.5716530930715,,,,
2021-02-13,1368.7143678792786,,,,
2021-02-15,1413.4991251490353,,,,
2021-02-16,1383.54,,,,
2021-02-17,1373.7266155484213,,,,
2021-02-18,1309.2846007971748,,,,
2021-02-19,1336.8966064986867,,,,
2021-02-20,1352.84,,,,
2021-02-22,1388.1712873310278,,,,
2021-02-23,1363.8019356249144,,,,
2021-02-24,1482.4069293484022,,,,
2021-02-25,1471.0327038611936,,,,
2021-02-26,1399.4807841806382,,,,
2021-02-27,1364.0313167093645,,,,
2021-03-01,1356.9970121686256,,,,
2021-03-02,1363.9310120049315,,,,
2021-03-03,1427.419682229589,,,,
2021-03-04,1445.4921526912112,,,,
2021-03-05,1461.3289675239203,,,,
2021-03-06,1486.5808153383325,,,,
2021-03-08,1456.395776176499,,,,
2021-03-09,1389.3531501293833,,,,
2021-03-10,1406.2511080834406,,,,
2021-03-11,1375.48,,,,
2021-03-12,1363.0418438700895,,,,
2021-03-13,1337.356276674372,,,,
2021-03-15,1365.0278910697252,,,,
2021-03-16,1315.39,,,,
2021-03-17,1344.368850280512,,,,
2021-03-19,1325.8607799281415,,,,
2021-03-20,1354.64,,,,
2021-03-22,1313.2319180803354,,,,
2021-03-23,1263.1223170940382,,,,
2021-03-24,1266.101325643065,,,,
2021-03-25,1293.2767283189478,,,,
2021-03-26,1385.6855038159738,,,,
2021-03-27,1376.1644643463317,,,,
2021-03-29,1281.0477723859176,,,,
2021-03-30,1276.097576762429,,,,
2021-03-31,1310.2773071233942,,,,
2021-04-03,1451.86,,,,
2021-04-05,1386.2640894560661,,,,
2021-04-07,1413.4267880801424,,,,
2021-04-08,1328.8592318919045,,,,
2021-04-09,1322.859445249128,,,,
2021-04-12,1324.491318866188,,,,
2021-04-13,1284.4056850644017,,,,
2021-04-16,1260.095124437133,,,,
2021-04-17,1251.65,,,,
2021-04-19,1188.977381110194,,,,
2021-04-21,1049.1990299287845,,,,
2021-04-22,1132.99,,,,
2021-04-23,1137.1152363040246,,,,
2021-04-26,1061.61,,,,
2021-04-28,996.6540802170441,,,,
2021-04-29,953.8457388486186,,,,
2021-04-30,935.3415997778247,,,,
2021-05-01,861.02,,,,
2021-05-07,1051.2791681647632,,,,
2021-06-26,1115.9547439109397,,,,
2021-06-28,1021.03,,,,
2021-06-29,1016.1074932452077,,,,
2021-06-30,995.06,,,,
2021-07-01,1017.8820386903814,,,,
2021-07-02,978.3635831030399,,,,
2021-07-05,1026.59,,,,
2021-07-06,1055.307864826848,,,,
2021-07-07,1024.1915724773044,,,,
2021-07-08,1046.0928091824276,,,,
2021-07-09,1003.36,,,,
2021-07-10,1072.8442407422017,,,,
2021-07-12,1096.74,,,,
2021-07-13,1124.6162529443336,,,,
2021-07-14,1081.3084410978884,,,,
2021-07-15,1111.6654704154787,,,,
2021-07-16,1128.73,,,,
2021-07-17,1132.5257543411506,,,,
2021-07-19,1173.7450564498017,,,,
2021-07-20,1129.49,,,,
2021-07-22,1112.7589384467128,,,,
2021-07-23,1076.1784097400025,,,,
2021-07-24,1116.9099762215255,,,,
2021-07-26,1065.8134365956885,,,,
2021-07-27,1077.0689915829405,,,,
2021-07-28,1043.34,,,,
2021-07-29,1046.9012838364788,,,,
2021-07-30,1009.04,,,,
2021-07-31,1037.4578687152807,,,,
2021-08-02,1045.8115207335293,,,,
2021-08-03,1048.59,,,,
2021-08-04,1002.3638808704252,,,,
2021-08-05,976.8702037980546,,,,
2021-08-06,1023.8400742484567,,,,
2021-08-09,1042.77,,,,
2021-08-10,1034.0417689159017,,,,
2021-08-11,1009.54,,,,
2021-08-12,990.0056185348918,,,,
2021-08-13,987.1025028279055,,,,
2021-08-14,1034.049464037722,,,,
2021-08-16,1027.49,,,,
2021-08-17,1071.7922146765827,,,,
2021-08-18,1114.0221255579122,,,,
2021-08-20,1097.6055944919772,,,,
2021-08-24,1131.7425217447112,,,,
2021-08-25,1152.48,,,,
2021-08-26,1129.1936997065984,,,,
2021-08-28,1119.4468200809988,,,,
2021-08-31,1148.4273437202119,,,,
2021-09-02,1104.3460912698413,,,,
2021-09-03,1100.1,,,,
2021-09-04,1049.51,,,,
2021-09-06,1025.16,,,,
2021-09-07,1024.22,,,,
2021-09-08,1079.7588633941377,,,,
2021-09-09,1054.6501648208216,,,,
2021-09-10,1026.5,,,,
2021-09-11,1065.0,,,,
2021-09-13,1018.62,,,,
2021-09-15,1061.1296114218626,,,,
2021-09-16,1046.9663899022128,,,,
2021-09-18,1014.7258501491647,,,,
2021-09-21,1032.4844702642831,,,,
2021-09-23,1074.0740592403063,,,,
2021-09-25,1116.01,,,,
2021-09-26,1128.3,,,,
2021-09-28,1066.088065742034,,,,
2021-09-30,1039.98,,,,
2021-10-01,973.03,,,,
2021-10-04,1037.13,,,,
2021-10-05,930.94,,,,
2021-10-06,1005.4968495937728,,,,
2021-10-07,1014.7281191538457,,,,
2021-10-09,1016.6012514300204,,,,
2021-10-11,1007.25,,,,
2021-10-12,1029.9587478975102,,,,
2021-10-14,1023.7207848462767,,,,
2021-10-16,1028.1153055815096,,,,
2021-10-19,1044.90215637889,,,,
2021-10-21,1042.3602745657727,,,,
2021-10-22,1040.44,,,,
2021-10-23,1041.8666678931152,,,,
2021-10-26,981.1064404614038,,,,
2021-10-28,969.0550263228581,,,,
2021-10-29,996.84,,,,
2021-11-01,1041.4281533132803,,,,
2021-11-02,1015.58,,,,
2021-11-03,977.87,,,,
2021-11-05,1042.66,,,,
2021-11-06,1064.7161381539277,,,,
2021-11-08,1061.46140034474,,,,
2021-11-09,992.3,,,,
2021-11-10,1016.0024562870883,,,,
2021-11-11,1006.8157595119251,,,,
2021-11-12,1014.9598102962482,,,,
2021-11-13,1042.9146442822732,,,,
2021-11-15,1029.19,,,,
2021-11-16,965.17,,,,
2021-11-17,999.9159450952794,,,,
2021-11-18,990.06,,,,
2021-11-19,1027.2052436827971,,,,
2021-11-20,1032.0056850348594,,,,
2021-11-22,1051.68,,,,
2021-11-23,1082.258965875921,,,,
2021-11-24,1046.5176799349651,,,,
2021-11-25,1086.764508674578,,,,
2021-11-26,1082.8511719891687,,,,
2021-11-27,1119.4368434333278,,,,
2021-11-29,1075.9650791433262,,,,
2021-11-30,1030.7963544844783,,,,
2021-12-01,1010.5313796571811,,,,
2021-12-02,1011.580210596059,,,,
2021-12-03,1005.3869755531409,,,,
2021-12-04,1005.4262593877759,,,,
2021-12-06,1000.1080633681988,,,,
2021-12-07,969.588603148499,,,,
2021-12-08,967.4924720133187,,,,
2021-12-09,967.6359263444845,,,,
2021-12-10,974.62,,,,
2021-12-11,985.731780136905,,,,
2021-12-13,948.0242659818566,,,,
2021-12-14,949.2669505628976,,,,
2021-12-15,925.392929391774,,,,
2021-12-16,918.6679264515815,,,,
2021-12-17,921.1127705068063,,,,
2021-12-18,948.5293316159607,,,,
2021-12-20,938.4620389468655,,,,
2021-12-21,937.2128493822344,,,,
2021-12-22,906.4073302641771,,,,
2021-12-23,883.1420461497175,,,,
2021-12-24,906.57,,,,
2021-12-27,905.8609897479423,,,,
2021-12-28,914.0810279931615,,,,
2021-12-29,891.808498073322,,,,
2021-12-30,872.4711082111976,,,,
2021-12-31,865.9754274313917,,,,
2022-01-01,886.1253987315195,,,,
2022-01-03,873.0714331511987,,,,
2022-01-04,845.3789114754593,,,,
2022-01-05,815.6057589700492,,,,
2022-01-06,828.0343953761013,,,,
2022-01-07,835.8267352146274,,,,
2022-01-08,881.3157363516767,,,,
2022-01-10,872.0419145130155,,,,
2022-01-11,879.8219677812892,,,,
2022-01-12,870.46,,,,
2022-01-13,861.2516958196102,,,,
2022-01-15,863.2124440072221,,,,
2022-01-17,897.64,,,,
2022-01-18,887.6693115290764,,,,
2022-01-19,882.8876643461748,,,,
2022-01-20,890.4034493764511,,,,
2022-01-21,925.453552752706,,,,
2022-01-22,961.0508039631711,,,,
2022-01-24,937.3114773181251,,,,
2022-01-25,901.6583171982611,,,,
2022-01-27,902.3331699171084,,,,
2022-01-28,880.3318168680719,,,,
2022-01-29,887.569824400206,,,,
2022-01-31,906.854744952276,,,,
2022-02-01,904.422002663164,,,,
2022-02-02,910.7603935427567,,,,
2022-02-03,926.8730415087771,,,,
2022-02-04,916.4438293373448,,,,
2022-02-05,962.6966833182875,,,,
2022-02-07,979.8143177493971,,,,
2022-02-08,989.9359922286983,,,,
2022-02-09,962.7235254577232,,,,
2022-02-10,968.6273554182611,,,,
2022-02-11,924.0843168390248,,,,
2022-02-12,894.1064569848545,,,,
2022-02-14,913.7775479440808,,,,
2022-02-15,894.4239601328903,,,,
2022-02-16,884.0949876741845,,,,
2022-02-17,872.771767305714,,,,
2022-02-18,860.5379272941459,,,,
2022-02-21,896.6783453107541,,,,
2022-02-22,904.8130677099314,,,,
2022-02-23,922.8501238837614,,,,
2022-02-24,944.4088938364685,,,,
2022-02-25,939.9,,,,
2022-02-26,929.95,,,,
2022-02-27,924.1659449792022,,,,
2022-02-28,890.5108671915411,,,,
2022-03-01,926.1578344025687,,,,
2022-03-02,894.6020469539376,,,,
2022-03-03,911.2136351880272,,,,
2022-03-04,878.9850149774877,,,,
2022-03-05,863.0793212548948,,,,
2022-03-07,885.184225095885,,,,
2022-03-08,908.6833228873825,,,,
2022-03-09,901.1332283818995,,,,
2022-03-10,928.3458530730934,,,,
2022-03-11,926.5480582581627,,,,
2022-03-12,929.3637261066906,,,,
2022-03-14,907.1612890644504,,,,
2022-03-15,923.0690321803526,,,,
2022-03-16,917.738467413534,,,,
2022-03-17,899.437118336178,,,,
2022-03-18,871.8505672104745,,,,
2022-03-19,865.1128687809525,,,,
2022-03-21,875.7048796431927,,,,
2022-03-22,865.2612871011626,,,,
2022-03-23,889.9470214858759,,,,
2022-03-24,914.1915399255959,,,,
2022-03-25,890.633738317757,,,,
2022-03-26,874.9395052452483,,,,
2022-03-28,877.9136756050343,,,,
2022-03-29,926.03,,,,
2022-03-30,895.54,,,,
2022-03-31,907.21,,,,
2022-04-01,919.831428825795,,,,
2022-04-02,927.6269053579173,,,,
2022-04-04,928.4902094453714,,,,
2022-04-05,932.851782983274,,,,
2022-04-06,929.2451441968028,,,,
2022-04-07,953.7498048193568,,,,
2022-04-08,932.0956823854976,,,,
2022-04-09,905.6325507676089,,,,
2022-04-11,906.822581803558,,,,
2022-04-12,927.0612837294711,,,,
2022-04-13,948.1378671176167,,,,
2022-04-16,938.0144581249294,,,,
2022-04-18,898.4271474989473,,,,
2022-04-19,893.3974324505965,,,,
2022-04-20,889.8487504103464,,,,
2022-04-21,899.0296974445089,,,,
2022-04-22,924.7971585379428,,,,
2022-04-23,904.4521607845829,,,,
2022-04-25,846.6515327342345,,,,
2022-04-26,884.2580877033322,,,,
2022-04-27,868.8208238170007,,,,
2022-04-28,870.5174603519602,,,,
2022-04-29,830.0253153137933,,,,
2022-04-30,857.4404436162381,,,,
2022-05-02,810.0213786495879,,,,
2022-05-04,808.9201780099243,,,,
2022-05-05,809.8988081372866,,,,
2022-05-06,856.8659418111536,,,,
2022-05-07,882.516260971264,,,,
2022-05-09,839.898706470392,,,,
2022-05-10,848.1315626042629,,,,
2022-05-11,835.1503400550964,,,,
2022-05-12,814.920676962291,,,,
2022-05-13,859.2197884827876,,,,
2022-05-14,810.8324717845592,,,,
2022-05-16,810.2073440510193,,,,
2022-05-17,804.8717913766712,,,,
2022-05-18,803.7550471843547,,,,
2022-05-19,783.7437896225616,,,,
2022-05-20,855.6590711526155,,,,
2022-05-21,851.6122783612484,,,,
2022-05-23,805.0435681953664,,,,
2022-05-24,816.6915608868685,,,,
2022-05-25,796.3750475170233,,,,
2022-05-26,801.9861354967697,,,,
2022-05-27,801.2400078826491,,,,
2022-05-28,783.4089029169568,,,,
2022-05-30,789.582789947199,,,,
2022-05-31,796.8786207869168,,,,
2022-06-01,783.6134168622552,,,,
2022-06-02,771.3587576947042,,,,
2022-06-03,820.84,,,,
2022-06-04,807.0018474366955,,,,
2022-06-06,829.6648641592844,,,,
2022-06-07,809.8810808430244,,,,
2022-06-08,825.7346302054166,,,,
2022-06-09,800.6336371456566,,,,
2022-06-10,827.1793515730856,,,,
2022-06-11,857.7965014176049,,,,
2022-06-13,869.9401726542624,,,,
2022-06-14,894.1510879284649,,,,
2022-06-15,874.4596279415728,,,,
2022-06-16,828.4331428125921,,,,
2022-06-17,871.941575877313,,,,
2022-06-18,855.6714274321885,,,,
2022-06-20,861.3481841929903,,,,
2022-06-21,854.1559319405444,,,,
2022-06-22,832.4012390311921,,,,
2022-06-23,848.1851160507022,,,,
2022-06-24,873.4021391384615,,,,
2022-06-25,835.7925958443514,,,,
2022-06-27,846.0929125135083,,,,
2022-06-28,801.9550190766493,,,,
2022-06-29,818.7706115128443,,,,
2022-06-30,827.33,,,,
2022-07-01,823.6428120345415,,,,
2022-07-02,816.3667970891795,,,,
2022-07-04,825.8587364228932,,,,
2022-07-05,821.1184234614702,,,,
2022-07-06,815.3927037384532,,,,
2022-07-07,830.4465800715581,,,,
2022-07-08,842.3896641710571,,,,
2022-07-09,840.760067071564,,,,
2022-07-11,838.8318496665959,,,,
2022-07-12,798.6052408792347,,,,
2022-07-13,837.4622258698263,,,,
2022-07-14,872.9931234118483,,,,
2022-07-15,877.55,,,,
2022-07-16,891.0448006360452,,,,
2022-07-18,879.2050954889176,,,,
2022-07-19,885.0201767202439,,,,
2022-07-20,887.7425450584448,,,,
2022-07-21,930.06758341466,,,,
2022-07-22,949.7955301911029,,,,
2022-07-23,962.1918959301423,,,,
2022-07-25,1007.71,,,,
2022-07-26,981.6113020234175,,,,
2022-07-27,990.5638718233208,,,,
2022-07-28,985.1240431015806,,,,
2022-07-29,1010.4111665412161,,,,
2022-07-30,1004.5001781616888,,,,
2022-08-01,998.0321426631018,,,,
2022-08-02,968.7037610021906,,,,
2022-08-03,951.7520449925291,,,,
2022-08-04,985.0766634845904,,,,
2022-08-05,992.4679303844747,,,,
2022-08-06,1004.7343017507917,,,,
2022-08-08,999.9788152773926,,,,
2022-08-09,974.755085917599,,,,
2022-08-10,973.7225518309745,,,,
2022-08-11,989.7275148858012,,,,
2022-08-12,1001.9738895472822,,,,
2022-08-13,1024.690759413375,,,,
2022-08-16,1036.4775462893763,,,,
2022-08-17,1002.852056202395,,,,
2022-08-18,1010.7249032505779,,,,
2022-08-19,962.6721128242856,,,,
2022-08-20,975.862176870847,,,,
2022-08-22,1003.4425647002113,,,,
2022-08-23,967.5455456190264,,,,
2022-08-24,931.413469300021,,,,
2022-08-25,919.5236738085475,,,,
2022-08-26,910.1782673595837,,,,
2022-08-27,967.32,,,,
2022-08-29,942.4818809487862,,,,
2022-08-30,916.4661061323063,,,,
2022-08-31,887.9717855412133,,,,
2022-09-01,928.9695643153975,,,,
2022-09-02,925.0776067923648,,,,
2022-09-03,932.7213682888786,,,,
2022-09-05,951.4053621694916,,,,
2022-09-06,974.35,,,,
2022-09-07,924.134480260749,,,,
2022-09-09,956.1474030963284,,,,
2022-09-10,963.9197847330139,,,,
2022-09-12,1006.0011551711507,,,,
2022-09-13,1035.2064102007726,,,,
2022-09-14,1069.1140620828073,,,,
2022-09-15,1032.579790420162,,,,
2022-09-16,1048.429236242027,,,,
2022-09-17,1029.6305623480869,,,,
2022-09-19,1035.4677126312413,,,,
2022-09-20,1027.15662769324,,,,
2022-09-21,1060.828025225623,,,,
2022-09-22,1007.3040639116447,,,,
2022-09-23,998.4908339861904,,,,
2022-09-24,1001.7640720375031,,,,
2022-09-26,1026.478964342834,,,,
2022-09-27,1005.217722021518,,,,
2022-09-28,1021.3282262586474,,,,
2022-09-29,971.3455212080315,,,,
2022-09-30,978.2935028483878,,,,
2022-10-01,978.4631681180393,,,,
2022-10-03,999.0560915927363,,,,
2022-10-04,976.4176078582864,,,,
2022-10-06,1001.67,,,,
2022-10-07,932.8914740574018,,,,
2022-10-08,958.0937904974694,,,,
2022-10-10,921.8682406738654,,,,
2022-10-11,964.0891916679006,,,,
2022-10-12,958.3353142646678,,,,
2022-10-13,953.3988720794916,,,,
2022-10-14,910.7839742077639,,,,
2022-10-15,919.4026613299179,,,,
2022-10-17,913.5379692261911,,,,
2022-10-18,928.7189147903075,,,,
2022-10-19,937.9493834750233,,,,
2022-10-20,942.8866394819427,,,,
2022-10-21,946.98,,,,
2022-10-22,1081.6735658131722,,,,
2022-10-25,961.4068090770294,,,,
2022-10-26,912.6545192481321,,,,
2022-10-27,934.039731527231,,,,
2022-10-28,937.2410837746409,,,,
2022-10-29,951.5696681603035,,,,
2022-10-31,912.1494829135734,,,,
2022-11-01,902.8491180907001,,,,
2022-11-02,924.5405019723366,,,,
2022-11-03,916.7329020756506,,,,
2022-11-04,912.9245619400864,,,,
2022-11-05,958.7414330666352,,,,
2022-11-07,884.5640462916341,,,,
2022-11-08,882.8000366576681,,,,
2022-11-09,871.3659510348792,,,,
2022-11-10,924.07,,,,
2022-11-11,892.3679351086961,,,,
2022-11-12,916.1437366709654,,,,
2022-11-14,871.3764997433548,,,,
2022-11-15,844.3891952321783,,,,
2022-11-16,852.7639575823601,,,,
2022-11-17,871.790846695997,,,,
2022-11-18,872.1562020597137,,,,
2022-11-19,916.6096290897847,,,,
2022-11-21,876.037842201389,,,,
2022-11-22,859.5779133168253,,,,
2022-11-23,859.9196269746897,,,,
2022-11-24,953.64,,,,
2022-11-25,906.5153972438304,,,,
2022-11-26,1007.0965913600402,,,,
2022-11-28,935.5417894161967,,,,
2022-11-29,883.3073619556677,,,,
2022-11-30,879.3640351646234,,,,
2022-12-01,866.8684928145083,,,,
2022-12-02,956.3119354516443,,,,
2022-12-03,897.9548185342123,,,,
2022-12-05,898.1,,,,
2022-12-06,879.35,,,,
2022-12-07,832.5406787625195,,,,
2022-12-08,839.1155273005529,,,,
2022-12-09,923.21,,,,
2022-12-10,864.3702914426024,,,,
2022-12-12,882.3775255656159,,,,
2022-12-13,868.2095774017695,,,,
2022-12-14,841.9662354145562,,,,
2022-12-15,838.5345757040618,,,,
2022-12-16,905.6317561457693,,,,
2022-12-17,867.8853756394362,,,,
2022-12-19,884.867213448267,,,,
2022-12-20,861.250342678768,,,,
2022-12-21,826.099824406816,,,,
2022-12-22,837.931037022812,,,,
2022-12-23,887.32,,,,
2022-12-24,952.84,,,,
2022-12-26,843.9180781603375,,,,
2022-12-27,849.7945514205697,,,,
2022-12-28,813.9580205056076,,,,
2022-12-29,824.2573902712452,,,,
2022-12-30,807.9683201895576,,,,
2022-12-31,855.4539007595152,,,,
2023-01-02,867.553132827449,,,,
2023-01-03,873.4080053670066,,,,
2023-01-04,896.6067840665492,,,,
2023-01-05,909.9762973345019,,,,
2023-01-06,937.3211303914218,,,,
2023-01-07,1017.95,,,,
2023-01-09,956.7304572086998,,,,
2023-01-10,965.1893813197955,,,,
2023-01-11,925.1976068751186,,,,
2023-01-12,928.5322891702735,,,,
2023-01-13,946.2497413369965,,,,
2023-01-16,1026.72,,,,
2023-01-17,999.3249388164586,,,,
2023-01-18,1039.97,,,,
2023-01-19,1044.888044309647,,,,
2023-01-20,1077.2491033276474,,,,
2023-01-21,1085.2205148474602,,,,
2023-01-23,1145.5032833175696,,,,
2023-01-24,1099.8103896782661,,,,
2023-01-25,1119.4511326665718,,,,
2023-01-27,1072.7836437617564,,,,
2023-01-28,1182.2650350949289,,,,
2023-01-30,1137.6471075373722,,,,
2023-01-31,1120.6894069662308,,,,
2023-02-01,1190.22458249702,,,,
2023-02-02,1152.8869446418153,,,,
2023-02-03,1143.5073256781636,,,,
2023-02-04,1093.0261978606868,,,,
2023-02-06,1092.5980641597594,,,,
2023-02-07,1059.0145416378691,,,,
2023-02-08,1161.1,,,,
2023-02-09,1116.2874926300879,,,,
2023-02-10,1173.4370691999416,,,,
2023-02-11,1165.50768411655,,,,
2023-02-13,1302.6727764382963,,,,
2023-02-14,1396.0026840039254,,,,
2023-02-15,1593.6130327703386,,,,
2023-02-16,1607.0593817770944,,,,
2023-02-17,1710.67,,,,
2023-02-18,1565.5896085547429,,,,
2023-02-20,1530.4733539345875,,,,
2023-02-21,1397.7662635982795,,,,
2023-02-22,1421.1351488864743,,,,
2023-02-23,1352.2596210526315,,,,
2023-02-24,1522.8138205997302,,,,
2023-02-25,1535.52,,,,
2023-02-27,1573.929401649297,,,,
2023-02-28,1506.9675820265206,,,,
2023-03-01,1458.6852390793802,,,,
2023-03-02,1511.9901347308141,,,,
2023-03-03,1467.4329333579985,,,,
2023-03-04,1442.057859812188,,,,
2023-03-06,1356.73576270078,,,,
2023-03-07,1425.9564763794156,,,,
2023-03-08,1439.3788106160905,,,,
2023-03-09,1484.21,,,,
2023-03-10,1467.3989849692239,,,,
2023-03-11,1475.1003716739453,,,,
2023-03-13,1382.496347199199,,,,
2023-03-14,1391.9647154197742,,,,
2023-03-15,1353.0128638873123,,,,
2023-03-16,1417.310961557715,,,,
2023-03-17,1351.58417535545,,,,
2023-03-18,1310.5515776240777,,,,
2023-03-20,1262.8150007835045,,,,
2023-03-21,1319.2330205461374,,,,
2023-03-22,1299.1488174321833,,,,
2023-03-23,1378.5385158004663,,,,
2023-03-24,1389.0987217064117,,,,
2023-03-27,1410.2612186203105,,,,
2023-03-28,1349.096781071417,,,,
2023-03-29,1419.5977586813103,,,,
2023-03-30,1387.7011837796802,,,,
2023-03-31,1431.2796246622347,,,,
2023-04-01,1474.6425664023973,,,,
2023-04-03,1454.4343049549564,,,,
2023-04-04,1418.9280495384182,,,,
2023-04-05,1378.0417803636797,,,,
2023-04-06,1345.4115872123318,,,,
2023-04-10,1346.3277016454563,,,,
2023-04-11,1366.72,,,,
2023-04-12,1288.0962166097665,,,,
2023-04-13,1316.331191706924,,,,
2023-04-17,1289.2182604437164,,,,
2023-04-18,1310.1647848744715,,,,
2023-04-19,1241.4486345251576,,,,
2023-04-20,1243.5366050745986,,,,
2023-04-22,1188.01,,,,
2023-04-24,1136.8244564099323,,,,
2023-04-25,1100.2792581865576,,,,
2023-04-26,1112.2824416673973,,,,
2023-04-27,1159.0566456178626,,,,
2023-04-28,1211.522206430346,,,,
2023-04-29,1196.756097640176,,,,
2023-05-01,1135.7809883251175,,,,
2023-05-02,1115.1586173551093,,,,
2023-05-03,1157.3663749782265,,,,
2023-05-04,1129.1217298590655,,,,
2023-05-05,1147.3012144236761,,,,
2023-05-06,1101.5,,,,
2023-05-08,1091.5704099697432,,,,
2023-05-09,1091.9767172828003,,,,
2023-05-10,1070.1590092742388,,,,
2023-05-11,1068.1399521386975,,,,
2023-05-12,1043.0898018485354,,,,
2023-05-13,974.5834103071513,,,,
2023-05-15,964.2706949591918,,,,
2023-05-16,1028.6263505850234,,,,
2023-05-17,1079.2879757780984,,,,
2023-05-18,1108.7729324598295,,,,
2023-05-19,1094.7216725660883,,,,
2023-05-20,1097.77,,,,
2023-05-22,1036.8088824671738,,,,
2023-05-23,1071.9314009907152,,,,
2023-05-24,1063.6454038963316,,,,
2023-05-25,1063.9027609649931,,,,
2023-05-26,1056.2479501088103,,,,
2023-05-27,1018.1985610986384,,,,
2023-05-29,994.9153263840414,,,,
2023-05-30,986.0970921763645,,,,
2023-05-31,1027.595842057651,,,,
2023-06-01,1013.1732088410749,,,,
2023-06-02,1077.700547122914,,,,
2023-06-03,1044.89,,,,
2023-06-05,1051.4192065243446,,,,
2023-06-06,1071.631915794896,,,,
2023-06-07,1127.5000048569152,,,,
2023-06-08,1124.1951880595077,,,,
2023-06-09,1118.850404184626,,,,
2023-06-10,1070.6631380178565,,,,
2023-06-12,1099.668976551105,,,,
2023-06-13,1089.407625527957,,,,
2023-06-14,1131.5275747156684,,,,
2023-06-15,1154.0792123430963,,,,
2023-06-16,1149.0960270566775,,,,
2023-06-17,1160.4,,,,
2023-06-19,1166.551781059305,,,,
2023-06-20,1107.7138055357464,,,,
2023-06-21,1145.0297042540808,,,,
2023-06-22,1167.2816097413506,,,,
2023-06-24,1161.23,,,,
2023-06-26,1234.5092178201587,,,,
2023-06-27,1233.4320390243643,,,,
2023-06-28,1295.4848726933833,,,,
2023-06-30,1371.963129395218,,,,
2023-07-01,1346.5723877217658,,,,
2023-07-03,1215.489813067145,,,,
2023-07-04,1248.3732282810922,,,,
2023-07-05,1204.7585992998693,,,,
2023-07-06,1294.54,,,,
2023-07-07,1285.2008121925296,,,,
2023-07-08,1287.1690676245207,,,,
2023-07-10,1995.0494876268863,,,,
2023-07-11,1357.0953335396139,,,,
2023-07-12,1299.691958932981,,,,
2023-07-13,1377.0296049210879,,,,
2023-07-14,1385.4106033525738,,,,
2023-07-15,1388.05960222236,,,,
2023-07-17,1385.346622281794,,,,
2023-07-18,1386.7491274302506,,,,
2023-07-19,1343.7723337555708,,,,
2023-07-20,1404.2168558296016,,,,
2023-07-21,1395.177433635348,,,,
2023-07-22,1491.5957554942,,,,
2023-07-24,1525.5187264181684,,,,
2023-07-25,1545.3596528675475,,,,
2023-07-26,1496.2009880475273,,,,
2023-07-27,1494.4571311624309,,,,
2023-07-29,1496.8497461146212,,,,
2023-07-31,1499.4769523552695,,,,
2023-08-01,1509.3078584946288,,,,
2023-08-02,1572.7779173047475,,,,
2023-08-03,1621.0075742308493,,,,
2023-08-04,1718.217024313152,,,,
2023-08-05,1805.6609173636057,,,,
2023-08-07,2119.1969777878357,,,,
2023-08-08,2210.9284156709255,,,,
2023-08-09,2102.0954194400947,,,,
2023-08-10,1865.2361556681758,,,,
2023-08-11,2008.953057763288,,,,
2023-08-12,2073.5881082498336,,,,
2023-08-14,2019.142348297884,,,,
2023-08-16,2008.7540540617897,,,,
2023-08-17,2147.4318069663905,,,,
2023-08-18,2126.793823799007,,,,
2023-08-19,2141.4037885868556,,,,
2023-08-21,2138.9703545237307,,,,
2023-08-22,2050.795671243889,,,,
2023-08-23,2002.6432524911293,,,,
2023-08-24,1997.664203520195,,,,
2023-08-25,2009.005381056414,,,,
2023-08-26,2159.634452697809,,,,
2023-08-28,2220.57613086944,,,,
2023-08-30,2082.0872311353005,,,,
2023-08-31,1993.5407062940737,,,,
2023-09-01,1978.2783550803176,,,,
2023-09-02,1858.7691094014417,,,,
2023-09-04,1854.5136729130306,,,,
2023-09-05,1908.8769783611108,,,,
2023-09-06,1965.69497653505,,,,
2023-09-07,1908.8464088126543,,,,
2023-09-08,1878.6308506920861,,,,
2023-09-09,1877.6122091649024,,,,
2023-09-11,1972.506456864396,,,,
2023-09-12,1931.4224720210568,,,,
2023-09-13,1905.4803142454186,,,,
2023-09-14,1852.5304118367894,,,,
2023-09-15,1822.2288065089713,,,,
2023-09-16,1748.853906502198,,,,
2023-09-18,1797.9423679917222,,,,
2023-09-19,1767.84766156992,,,,
2023-09-20,1731.0935210757714,,,,
2023-09-21,1650.7409390141947,,,,
2023-09-22,1705.6110248894363,,,,
2023-09-23,1756.0517777179327,,,,
2023-09-25,1864.3916501909825,,,,
2023-09-26,1854.3486556537293,,,,
2023-09-27,1882.8357023397007,,,,
2023-09-28,1808.0653044931573,,,,
2023-09-29,1771.4087802646654,,,,
2023-09-30,1727.7888468171561,,,,
2023-10-03,1762.1405672888227,,,,
2023-10-04,1732.9439976430024,,,,
2023-10-05,1735.7927674051548,,,,
2023-10-06,1786.4638570095694,,,,
2023-10-07,1826.7533662799824,,,,
2023-10-09,1822.4612616192624,,,,
2023-10-10,1803.8937719605335,,,,
2023-10-11,1749.235523087917,,,,
2023-10-12,1668.367634714064,,,,
2023-10-13,1671.7690817153566,,,,
2023-10-14,1670.9451971039202,,,,
2023-10-16,1621.0746798594776,,,,
2023-10-17,1647.2813497573866,,,,
2023-10-18,1569.9858365489706,,,,
2023-10-19,1600.2097256343618,,,,
2023-10-20,1582.5077592076073,,,,
2023-10-21,1601.64325112506,,,,
2023-10-23,1624.4607400768245,,,,
2023-10-25,1622.2064227793353,,,,
2023-10-26,1601.3937767867028,,,,
2023-10-27,1577.5874513016815,,,,
2023-10-28,1531.2455804834608,,,,
2023-10-30,1461.209178964088,,,,
2023-10-31,1434.7622867806526,,,,
2023-11-01,1448.601848675838,,,,
2023-11-02,1436.0883665963092,,,,
2023-11-03,1447.1419940080941,,,,
2023-11-04,1490.6165359887464,,,,
2023-11-06,1476.2348255412908,,,,
2023-11-07,1507.276905220573,,,,
2023-11-08,1562.6402825194864,,,,
2023-11-09,1558.1752669588518,,,,
2023-11-10,1586.0269713829207,,,,
2023-11-11,1613.16,,,,
2023-11-13,1565.6397424809338,,,,
2023-11-14,1538.11,,,,
2023-11-15,1518.2911029008415,,,,
2023-11-16,1484.5748302862453,,,,
2023-11-17,1466.6394035757767,,,,
2023-11-18,1442.7524480437207,,,,
2023-11-20,1471.5308278340754,,,,
2023-11-21,1521.192331775193,,,,
2023-11-22,1572.0891455442493,,,,
2023-11-23,1541.1772955325855,,,,
2023-11-24,1599.3453656578072,,,,
2023-11-25,1564.0464316202788,,,,
2023-11-27,1540.8851678763444,,,,
2023-11-28,1527.724027546711,,,,
2023-11-29,1548.924753674498,,,,
2023-11-30,1565.19847754399,,,,
2023-12-01,1511.73,,,,
2023-12-02,1538.6324011110714,,,,
2023-12-04,1510.9342998272505,,,,
2023-12-05,1528.0586800542096,,,,
2023-12-06,1537.0286450811932,,,,
2023-12-07,1529.5694218161452,,,,
2023-12-08,1556.77,,,,
2023-12-09,1541.8763872670957,,,,
2023-12-11,1531.5406451697543,,,,
2023-12-12,1553.6215348755118,,,,
2023-12-13,1638.1520514117542,,,,
2023-12-14,1665.0967470816154,,,,
2023-12-15,1715.6081132938004,,,,
2023-12-16,1655.736624815042,,,,
2023-12-18,1626.296076055682,,,,
2023-12-19,1618.4659867902596,,,,
2023-12-20,1664.6221546426232,,,,
2023-12-21,1664.5401633153192,,,,
2023-12-22,1678.981126451465,,,,
2023-12-23,1642.8954196260531,,,,
2023-12-26,1757.6445752943555,,,,
2023-12-27,1812.082294685787,,,,
2023-12-28,1830.0894642293993,,,,
2023-12-29,1819.6359841965022,,,,
2023-12-30,1728.5552370257783,,,,
2024-01-01,1669.1518697680854,,,,
2024-01-02,1669.6321890174036,,,,
2024-01-03,1656.7004022697142,,,,
2024-01-04,1680.053003021319,,,,
2024-01-05,1705.5728572796934,,,,
2024-01-06,1746.7611066956215,,,,
2024-01-08,1666.493939869291,,,,
2024-01-09,1622.715150925367,,,,
2024-01-10,1606.5646079393996,,,,
2024-01-11,1655.507363210696,,,,
2024-01-12,1628.010586285579,,,,
2024-01-13,1613.9046807901336,,,,
2024-01-16,1619.33,,,,
2024-01-17,1617.1956526004976,,,,
2024-01-18,1648.032367005333,,,,
2024-01-19,1698.4311091204186,,,,
2024-01-20,1678.418107448402,,,,
2024-01-22,1623.9880649681977,,,,
2024-01-23,1571.540240119182,,,,
2024-01-24,1608.4882950096435,,,,
2024-01-25,1593.6463926997053,,,,
2024-01-27,1656.318547213119,,,,
2024-01-29,1645.8282998739433,,,,
2024-01-30,1624.0635155518746,,,,
2024-01-31,1550.9682024647818,,,,
2024-02-01,1550.8556571280592,,,,
2024-02-02,1530.3796521677236,,,,
2024-02-03,1563.4417345496174,,,,
2024-02-05,1529.5446546917497,,,,
2024-02-06,1448.01,,,,
2024-02-07,1475.5112979762737,,,,
2024-02-08,1502.7791074446159,,,,
2024-02-09,1520.3208102191195,,,,
2024-02-10,1511.2634836202044,,,,
2024-02-12,1535.8358112248225,,,,
2024-02-13,1539.8997257087071,,,,
2024-02-14,1491.4848672502878,,,,
2024-02-15,1505.2650141266142,,,,
2024-02-16,1479.8598851441357,,,,
2024-02-17,1479.2222807293304,,,,
2024-02-19,1439.6794733821976,,,,
2024-02-20,1456.195990783865,,,,
2024-02-21,1423.9147601931782,,,,
2024-02-22,1412.4444876596644,,,,
2024-02-23,1416.577518068255,,,,
2024-02-24,1467.3212801133948,,,,
2024-02-26,1472.995292146597,,,,
2024-02-27,1478.3237453478357,,,,
2024-02-28,1546.5109181913435,,,,
2024-02-29,1525.502711372093,,,,
2024-03-01,1520.4578224182342,,,,
2024-03-02,1463.29,,,,
2024-03-04,1436.7072492063558,,,,
2024-03-05,1512.1690835689835,,,,
2024-03-06,1402.8957333029002,,,,
2024-03-07,1414.8714882795448,,,,
2024-03-08,1344.866279737112,,,,
2024-03-09,1359.7376531414807,,,,
2024-03-11,1328.7352377703091,,,,
2024-03-12,1316.4217493305239,,,,
2024-03-13,1385.688708469279,,,,
2024-03-14,1393.7009639391483,,,,
2024-03-15,1470.0359862052208,,,,
2024-03-16,1451.8621409659563,,,,
2024-03-18,1427.495604199523,,,,
2024-03-19,1426.397723884623,,,,
2024-03-20,1498.1531395668749,,,,
2024-03-21,1534.8287819708808,,,,
2024-03-22,1511.1738704386598,,,,
2024-03-23,1500.590532015117,,,,
2024-03-25,1405.4924840149965,,,,
2024-03-26,1424.6859282880343,,,,
2024-03-27,1412.5973891552944,,,,
2024-03-28,1518.47,,,,
2024-03-30,1526.777118777105,,,,
2024-04-01,1633.4942378501778,,,,
2024-04-02,1607.397611575741,,,,
2024-04-03,1585.1103380500304,,,,
2024-04-04,1553.5078026787692,,,,
2024-04-05,1592.5385377976934,,,,
2024-04-06,1655.083070514674,,,,
2024-04-08,1789.424939758254,,,,
2024-04-09,1724.1367746303777,,,,
2024-04-11,1680.4913707192202,,,,
2024-04-12,1660.1587819117967,,,,
2024-04-13,1588.2257406946978,,,,
2024-04-15,1647.4218784115528,,,,
2024-04-16,1695.0705587925047,,,,
2024-04-17,1747.620872818367,,,,
2024-04-18,1779.7131976738142,,,,
2024-04-20,1883.8664697055983,,,,
2024-04-22,1902.3300058273594,,,,
2024-04-23,1992.782237370214,,,,
2024-04-24,1902.9519179377457,,,,
2024-04-25,1923.912522545823,,,,
2024-04-27,2125.744057766833,,,,
2024-04-29,2305.254975091628,,,,
2024-04-30,2165.8637653471733,,,,
2024-05-01,2179.2326412689727,,,,
2024-05-02,2080.7570309778107,,,,
2024-05-03,2046.9945299809697,,,,
2024-05-04,1950.2466639831323,,,,
2024-05-06,1942.1543939342182,,,,
2024-05-07,1969.1699314387674,,,,
2024-05-08,2031.9554437957331,,,,
2024-05-09,2153.9334841585114,,,,
2024-05-10,1975.2278883600661,,,,
2024-05-11,2050.7008724010047,,,,
2024-05-13,2044.3907096033681,,,,
2024-05-14,2049.701860640377,,,,
2024-05-15,2028.33,,,,
2024-05-16,2009.288829243153,,,,
2024-05-17,1976.4156741544712,,,,
2024-05-18,2025.061736656919,,,,
2024-05-20,1928.0247502047382,,,,
2024-05-21,2051.310766915543,,,,
2024-05-22,2070.3902723676056,,,,
2024-05-23,2102.684205051755,,,,
2024-05-24,2165.6290098476265,,,,
2024-05-25,2304.5183781422515,,,,
2024-05-27,2340.9410354223437,,,,
2024-05-28,2357.328992765938,,,,
2024-05-29,2219.5817163595393,,,,
2024-05-30,2280.451654385317,,,,
2024-05-31,2241.976030220071,,,,
2024-06-01,2254.679413808918,,,,
2024-06-03,2366.286937149216,,,,
2024-06-04,2399.3570084238045,,,,
2024-06-05,2398.0605294044717,,,,
2024-06-06,2445.7502779597685,,,,
2024-06-07,2460.4012179470037,,,,
2024-06-08,2561.8399428739044,,,,
2024-06-10,2546.17,,,,
2024-06-11,2475.4426614811628,,,,
2024-06-12,2384.22,,,,
2024-06-13,2437.0357073778514,,,,
2024-06-14,2418.804369656603,,,,
2024-06-15,2433.4808842055554,,,,
2024-06-18,2364.114095354027,,,,
2024-06-19,2352.0388093133183,,,,
2024-06-20,2285.2640439245642,,,,
2024-06-21,2286.413200676263,,,,
2024-06-22,2295.3,,,,
2024-06-24,2318.5368432570326,,,,
2024-06-25,2294.197678539669,,,,
2024-06-26,2297.417032681813,,,,
2024-06-27,2231.909103890124,,,,
2024-06-28,2192.964036342885,,,,
2024-06-29,2130.73,,,,
2024-07-01,2164.8450342689293,,,,
2024-07-02,2124.03,,,,
2024-07-03,2057.2544845810758,,,,
2024-07-04,2142.814747791127,,,,
2024-07-05,2292.291028151552,,,,
2024-07-06,2237.22,,,,
2024-07-08,2369.94,,,,
2024-07-09,2324.02,,,,
2024-07-10,2315.2,,,,
2024-07-11,2322.24,,,,
2024-07-12,2306.968605749182,,,,
2024-07-13,2292.59245401953,,,,
2024-07-15,2257.1142382484795,,,,
2024-07-16,2127.655258532998,,,,
2024-07-18,2095.8927366939724,,,,
2024-07-19,2142.9178721508606,,,,
2024-07-20,2181.042108795993,,,,
2024-07-22,2248.84,,,,
2024-07-23,2233.3004839901246,,,,
2024-07-24,2297.0554140583504,,,,
2024-07-25,2274.2597616844055,,,,
2024-07-26,2245.43,,,,
2024-07-27,2267.616757445524,,,,
2024-07-30,2207.57355157489,,,,
2024-07-31,2206.39,,,,
2024-08-01,2175.389624255817,,,,
2024-08-02,2250.1187392930115,,,,
2024-08-03,2240.0969921173514,,,,
2024-08-05,2231.07087322369,,,,
2024-08-06,2237.296259324488,,,,
2024-08-07,2261.930847722979,,,,
2024-08-08,2253.4366866739033,,,,
2024-08-09,2247.61,,,,
2024-08-10,2223.2401203847057,,,,
2024-08-12,2236.2640164887043,,,,
2024-08-13,2232.5024331026084,,,,
2024-08-14,2173.393763307395,,,,
2024-08-16,2202.7531315454094,,,,
2024-08-17,2168.6,,,,
2024-08-19,2092.053574787843,,,,
2024-08-20,2059.17,,,,
2024-08-21,2086.317112255896,,,,
2024-08-22,2110.9703532977965,,,,
2024-08-23,2131.7439327315305,,,,
2024-08-24,2179.241767711511,,,,
2024-08-26,2273.1379975419404,,,,
2024-08-27,2272.367527609188,,,,
2024-08-28,2271.4346034273485,,,,
2024-08-29,2262.35,,,,
2024-08-30,2227.060928075267,,,,
2024-08-31,2278.6325787402234,,,,
2024-09-02,2256.7352847653883,,,,
2024-09-03,2232.8402168807434,,,,
2024-09-04,2274.2388635044585,,,,
2024-09-05,2239.51,,,,
2024-09-06,2236.7762341612306,,,,
2024-09-07,2193.04,,,,
2024-09-09,2192.5424296051006,,,,
2024-09-10,2152.156937545609,,,,
2024-09-11,2166.1668590725085,,,,
2024-09-12,2170.863712008593,,,,
2024-09-13,2217.4001083160247,,,,
2024-09-14,2256.5595783803988,,,,
2024-09-16,2262.422113677223,,,,
2024-09-17,2263.0,,,,
2024-09-18,2264.4332030748396,,,,
2024-09-19,2343.271511993541,,,,
2024-09-20,2404.5903812102906,,,,
2024-09-21,2372.400923647502,,,,
2024-09-23,2382.1172753695937,,,,
2024-09-24,2366.715370757865,,,,
2024-09-25,2374.234692756387,,,,
2024-09-26,2338.68,,,,
2024-09-27,2376.6435223429316,,,,
2024-09-28,2332.2814553788153,,,,
2024-09-30,2341.696936928643,,,,
2024-10-01,2279.6072654386635,,,,
2024-10-03,2283.58254917231,,,,
2024-10-04,2294.265151757545,,,,
2024-10-05,2271.8948506039133,,,,
2024-10-07,2251.57,,,,
2024-10-08,2227.930972869777,,,,
2024-10-09,2206.154824485903,,,,
2024-10-10,2227.1480018597763,,,,
2024-10-11,2210.5864924073935,,,,
2024-10-14,2267.7797523364998,,,,
2024-10-15,2290.955471195589,,,,
2024-10-16,2266.8033250909266,,,,
2024-10-17,2298.27,,,,
2024-10-18,2260.034796334871,,,,
2024-10-19,2287.951584574742,,,,
2024-10-21,2250.223577927656,,,,
2024-10-22,2271.957878797057,,,,
2024-10-23,2269.497060116122,,,,
2024-10-24,2273.020884124364,,,,
2024-10-25,2283.8371085886765,,,,
2024-10-26,2254.87,,,,
2024-10-28,2296.2347276006285,,,,
2024-10-29,2336.93,,,,
2024-10-30,2389.6998181982444,,,,
2024-11-02,2459.04,,,,
2024-11-04,2370.3001929779575,,,,
2024-11-05,2370.023562191539,,,,
2024-11-06,2389.05,,,,
2024-11-07,2489.3491396639383,,,,
2024-11-08,2494.82,,,,
2024-11-09,2529.0025116901575,,,,
2024-11-11,2568.6494487818695,,,,
2024-11-12,2642.286943451779,,,,
2024-11-13,2702.8487624965355,,,,
2024-11-14,2784.3345812537236,,,,
2024-11-15,2835.057810982953,,,,
2024-11-16,2737.387270396067,,,,
2024-11-18,2825.5406640079027,,,,
2024-11-19,2779.4582153919237,,,,
2024-11-20,2783.6846125146435,,,,
2024-11-21,2758.936126062204,,,,
2024-11-22,2900.0,,,,
2024-11-23,2995.08435160019,,,,
2024-11-25,2942.5760498467935,,,,
2024-11-26,2918.47,,,,
2024-11-27,2949.02,,,,
2024-11-28,2976.494790132124,,,,
2024-11-29,2993.250033418176,,,,
2024-11-30,2995.4848558356794,,,,
2024-12-02,3020.6495983225427,,,,
2024-12-03,2943.1489550828846,,,,
2024-12-04,2940.2608414548968,,,,
2024-12-05,2950.3227856201593,,,,
2024-12-06,2939.8235800358148,,,,
2024-12-07,2931.786752825035,,,,
2024-12-09,2914.26,,,,
2024-12-10,2876.1089241369245,,,,
2024-12-11,2832.155885859892,,,,
2024-12-12,2849.027986830366,,,,
2024-12-13,2890.08,,,,
2024-12-14,2917.0195050393195,,,,
2024-12-16,2924.4694996156477,,,,
2024-12-17,2892.9528846809667,,,,
2024-12-18,2917.3086715811346,,,,
2024-12-19,2890.7098205126904,,,,
2024-12-20,2911.9972604512764,,,,
2024-12-21,2902.415202892603,,,,
2024-12-23,2873.59,,,,
2024-12-24,2889.476377537515,,,,
2024-12-26,2853.6978258133586,,,,
2024-12-27,2898.5,,,,
2024-12-28,2891.935820929928,,,,
2024-12-30,2954.8772430316076,,,,
2024-12-31,2978.390780466051,,,,
2025-01-01,3006.02,,,,
2025-01-02,3024.611576382307,,,,
2025-01-03,3111.8909205586,,,,
2025-01-04,3182.15692593765,,,,
2025-01-06,3111.6636050414672,,,,
2025-01-07,3149.4285206660275,,,,
2025-01-08,3122.4925871256473,,,,
2025-01-09,3117.0917138468803,,,,
2025-01-10,3113.1089878573794,,,,
2025-01-11,3172.21,,,,
2025-01-13,3124.5061027760808,,,,
2025-01-16,3117.28,,,,
2025-01-17,3102.2776002584615,,,,
2025-01-18,3066.131965445503,,,,
2025-01-20,3012.8437446582884,,,,
2025-01-21,3040.08,,,,
2025-01-22,3016.8375569398713,,,,
2025-01-23,3031.2012589165524,,,,
2025-01-24,3030.5045544454824,,,,
2025-01-25,2999.5193704771364,,,,
2025-01-27,2954.0717168175515,,,,
2025-01-28,2925.8039175463873,,,,
2025-01-29,2987.652001494133,,,,
2025-01-30,2975.8297918870758,,,,
2025-01-31,2956.184798964968,,,,
2025-02-01,2980.603503696976,,,,
2025-02-03,2909.282325972295,,,,
2025-02-04,2919.25,,,,
2025-02-05,2955.4348468522526,,,,
2025-02-06,2982.357736936101,,,,
2025-02-07,2986.351186042294,,,,
2025-02-08,3019.8218932768686,,,,
2025-02-10,3066.916900063642,,,,
2025-02-11,3064.1373603514326,,,,
2025-02-12,3031.065835240838,,,,
2025-02-13,2983.861599654577,,,,
2025-02-14,2973.5517380691635,,,,
2025-02-15,2933.3767572771794,,,,
2025-02-17,2964.949731302597,,,,
2025-02-18,2928.2034784058496,,,,
2025-02-19,2919.44875177421,,,,
2025-02-20,2875.6830340825595,,,,
2025-02-21,2854.5436036276787,,,,
2025-02-22,2835.78,,,,
2025-02-24,2806.650289775681,,,,
2025-02-25,2749.300876104235,,,,
2025-02-26,2675.7309075876965,,,,
2025-02-27,2773.280129013795,,,,
2025-02-28,2840.031032116402,,,,
2025-03-01,2820.440598315817,,,,
2025-03-03,2834.789073914776,,,,
2025-03-04,2791.7886775950114,,,,
2025-03-05,2839.3311679313833,,,,
2025-03-06,2833.1249200847346,,,,
2025-03-07,2842.369771614926,,,,
2025-03-08,2792.3152706485243,,,,
2025-03-10,2730.348578554313,,,,
2025-03-11,2726.0604460402133,,,,
2025-03-12,2624.5011450496745,,,,
2025-03-13,2706.08,,,,
2025-03-14,2666.3574013067746,,,,
2025-03-15,2648.2755402387056,,,,
2025-03-17,2555.361519486709,,,,
2025-03-18,2513.196938090952,,,,
2025-03-19,2550.034653745508,,,,
2025-03-20,2586.5998755116634,,,,
2025-03-21,2675.697145585398,,,,
2025-03-22,2578.0655443097044,,,,
2025-03-24,2622.6516008205626,,,,
2025-03-25,2571.065564270417,,,,
2025-03-26,2735.5457286426745,,,,
2025-03-27,2774.417543541196,,,,
2025-03-28,2788.918218671777,,,,
2025-03-29,2808.6501616551163,,,,
2025-04-01,2776.2325916553364,,,,
2025-04-02,2712.3741539759676,,,,
2025-04-03,2720.2268489831713,,,,
2025-04-04,2662.953505460433,,,,
2025-04-05,2593.4742210491972,,,,
2025-04-07,2596.5442885030843,,,,
2025-04-08,2579.7254690034542,,,,
2025-04-09,2550.034804822014,,,,
2025-04-10,2519.8258111901073,,,,
2025-04-11,2478.5824130464607,,,,
2025-04-12,2484.5338269916706,,,,
2025-04-15,2512.31,,,,
2025-04-16,2565.425663227916,,,,
2025-04-17,2686.44,,,,
2025-04-19,2583.543117009667,,,,
2025-04-21,2584.67,,,,
2025-04-22,2576.4958928683614,,,,
2025-04-23,2509.342921684614,,,,
2025-04-24,2521.1048104293604,,,,
2025-04-25,2472.868493244765,,,,
2025-04-26,2351.547794518425,,,,
2025-04-28,2282.7543037062087,,,,
2025-04-29,2178.575367614776,,,,
2025-04-30,2299.88377160345,,,,
2025-05-01,2301.312324315568,,,,
2025-05-02,2256.9046288175628,,,,
2025-05-03,2194.608822115913,,,,
2025-05-05,2191.77,,,,
2025-05-06,2122.052535759812,,,,
2025-05-07,2165.657151294214,,,,
2025-05-08,2036.7353917788244,,,,
2025-05-09,2068.9414368095695,,,,
2025-05-10,2050.0934620007397,,,,
2025-05-12,2075.9648793148062,,,,
2025-05-13,2104.28,,,,
2025-05-14,2176.05531765168,,,,
2025-05-15,2263.1951575930507,,,,
2025-05-16,2462.3938191274538,,,,
2025-05-17,2269.5184285139885,,,,
2025-05-19,2198.7696864783497,,,,
2025-05-20,2248.3267981337867,,,,
2025-05-21,2144.638142343035,,,,
2025-05-22,2146.1646631057206,,,,
2025-05-23,2275.81,,,,
2025-05-24,2187.4418451164443,,,,
2025-05-26,2256.9881058996293,,,,
2025-05-27,2214.2453926877956,,,,
2025-05-28,2324.903590201885,,,,
2025-05-29,2391.3926998323764,,,,
2025-05-30,2361.364273807475,,,,
2025-05-31,2361.59,,,,
2025-06-02,2373.1025853982064,,,,
2025-06-03,2380.9777142857142,,,,
2025-06-04,2442.3074629858975,,,,
2025-06-05,2335.1778683085813,,,,
2025-06-07,2465.7755058470534,,,,
2025-06-09,2424.4780967212246,,,,
2025-06-10,2424.713468083088,,,,
2025-06-11,2393.155803228632,,,,
2025-06-12,2443.71,,,,
2025-06-13,2415.2432899618425,,,,
2025-06-14,2491.895909489548,,,,
2025-06-16,2382.5263816759084,,,,
2025-06-17,2451.3103302963227,,,,
2025-06-18,2491.5913879544055,,,,
2025-06-19,2517.953457902836,,,,
2025-06-20,2450.77,,,,
2025-06-21,2515.372836725077,,,,
2025-06-23,2496.031102882771,,,,
2025-06-24,2595.251454382937,,,,
2025-06-25,2509.994062773952,,,,
2025-06-26,2620.495525702132,,,,
2025-06-27,2679.8987234781343,,,,
2025-06-28,2673.6559520619858,,,,
2025-06-30,2550.1802389294207,,,,
2025-07-01,2593.56,,,,
2025-07-02,2501.7021668366065,,,,
2025-07-03,2523.810572795357,,,,
2025-07-04,2455.2837535973267,,,,
2025-07-05,2486.477211826838,,,,
2025-07-07,2470.659603850467,,,,
2025-07-08,2459.733560185575,,,,
2025-07-09,2483.4153397535847,,,,
2025-07-10,2590.0903027684453,,,,
2025-07-11,2563.5216579348626,,,,
2025-07-12,2614.780884744687,,,,
2025-07-14,2569.680048804017,,,,
2025-07-15,2622.7618086669117,,,,
2025-07-16,2635.4892561331785,,,,
2025-07-17,2615.817272406011,,,,
2025-07-18,2580.0658785489177,,,,
2025-07-19,2646.931507822583,,,,
2025-07-21,2611.245351772256,,,,
2025-07-22,2663.7764801085864,,,,
2025-07-23,2678.7864387201043,,,,
2025-07-24,2668.911630114484,,,,
2025-07-25,2737.912576355422,,,,
2025-07-26,2726.0774678321523,,,,
2025-07-28,2745.104259576036,,,,
2025-07-29,2743.2575464023585,,,,
2025-07-30,2714.422444191224,,,,
2025-07-31,2667.861869023103,,,,
2025-08-01,2748.2222499186305,,,,
2025-08-02,2673.8961708023626,,,,
2025-08-04,2578.312498514933,,,,
2025-08-05,2547.5218906198097,,,,
2025-08-06,2572.4189322840793,,,,
2025-08-07,2543.8048217100795,,,,
2025-08-08,2599.144009467294,,,,
2025-08-09,2532.5285746224636,,,,
2025-08-11,2468.7244638361785,,,,
2025-08-12,2458.3601463400873,,,,
2025-08-13,2422.6611956982597,,,,
2025-08-14,2384.502598875847,,,,
2025-08-16,2420.4382048257708,,,,
2025-08-18,2438.3468721828385,,,,
2025-08-19,2430.613662839218,,,,
2025-08-20,2414.695454158969,,,,
2025-08-21,2478.652080903822,,,,
2025-08-22,2497.495566362728,,,,
2025-08-23,2515.373633738367,,,,
2025-08-25,2524.202973426344,,,,
2025-08-26,2592.5882040848487,,,,
2025-08-28,2495.744552871324,,,,
2025-08-29,2492.3774311024417,,,,
2025-08-30,2473.6850892625203,,,,
2025-09-01,2494.9523528113896,,,,
2025-09-02,2502.2960907892457,,,,
2025-09-03,2511.2464533165457,,,,
2025-09-04,2496.6568303763097,,,,
2025-09-06,2584.5098260362565,,,,
2025-09-08,2547.014416186208,,,,
2025-09-09,2607.029586607735,,,,
2025-09-10,2560.9671985066298,,,,
2025-09-11,2544.862721370964,,,,
2025-09-12,2569.9530059877943,,,,
2025-09-13,2543.2981971200024,,,,
2025-09-15,2501.5667135738177,,,,
2025-09-16,2567.8428457308773,,,,
2025-09-17,2537.6031422887545,,,,
2025-09-18,2544.580466870339,,,,
2025-09-19,2539.06857373198,,,,
2025-09-20,2528.7057467272525,,,,
2025-09-22,2488.9495584736055,,,,
2025-09-23,2461.155012222926,,,,
2025-09-24,2425.105960685566,,,,
2025-09-25,2412.2291860802115,,,,
2025-09-26,2397.2020815951537,,,,
2025-09-27,2365.28935789023,,,,
2025-09-29,2383.2284304092673,,,,
2025-09-30,2401.296649440357,,,,
2025-10-01,2465.336114259951,,,,
2025-10-03,2412.0602144579693,,,,
2025-10-04,2379.9415501131534,,,,
2025-10-06,2390.7891467352183,,,,
2025-10-07,2369.093556036478,,,,
2025-10-08,2421.289075338212,,,,
2025-10-09,2402.471573432048,,,,
2025-10-10,2426.94274968572,,,,
2025-10-11,2475.305422032448,,,,
2025-10-13,2513.0980074174745,,,,
2025-10-14,2489.1546635613377,,,,
2025-10-15,2448.1011279813674,,,,
2025-10-16,2484.986381674603,,,,
2025-10-17,2475.8406498365002,,,,
2025-10-18,2529.430844576831,,,,
2025-10-21,2647.8729225448797,,,,
2025-10-22,2537.1854746047493,,,,
2025-10-23,2459.0339426895935,,,,
2025-10-24,2450.8964616770477,,,,
2025-10-27,2493.8675079382556,,,,
2025-10-28,2471.924005882721,,,,
2025-10-29,2497.437578893365,,,,
2025-10-30,2483.5436786636974,,,,
2025-10-31,2502.050270119766,,,,
2025-11-01,2526.3561575837666,,,,
2025-11-03,2475.6583657393394,,,,
2025-11-04,2486.4487056562666,,,,
2025-11-06,2498.660243915359,,,,
2025-11-07,2505.6015246512497,,,,
2025-11-08,2486.4517062222944,,,,
2025-11-10,2478.3775350118653,,,,
2025-11-11,2449.5632501953573,,,,
2025-11-12,2439.371407504217,,,,
2025-11-13,2457.278848805434,,,,
2025-11-14,2430.781833556784,,,,
2025-11-15,2401.1706290674856,,,,
2025-11-17,2413.089864218432,,,,
2025-11-18,2450.472758369151,,,,
2025-11-19,2449.9877608612605,,,,
2025-11-20,2490.1108005371593,,,,
2025-11-21,2508.148135708025,,,,
2025-11-22,2444.207676938813,,,,
2025-11-24,2436.0410198866557,,,,
2025-11-25,2395.3196792050194,,,,
2025-11-26,2389.6043959451895,,,,
2025-11-27,2383.817789856289,,,,
2025-11-28,2377.6703673545076,,,,
2025-11-29,2417.1118503399957,,,,
2025-12-01,2406.8476217682987,,,,
2025-12-02,2378.8837738910142,,,,
2025-12-03,2394.7840427273923,,,,
2025-12-04,2416.056846432734,,,,
2025-12-05,2378.6786277988786,,,,
2025-12-06,2399.166595981161,,,,
2025-12-08,2364.921248969071,,,,
2025-12-10,2398.5314192159767,,,,
2025-12-11,2402.2784532592996,,,,
2025-12-12,2383.7571238344476,,,,
2025-12-13,2390.0362033559863,,,,
2025-12-15,2428.4195783557525,,,,
2025-12-16,2454.958529787122,,,,
2025-12-17,2428.224622442231,,,,
2025-12-18,2431.2289994961475,,,,
2025-12-19,2445.4249816870024,,,,
2025-12-20,2433.199545344314,,,,
2025-12-22,2479.35703672064,,,,
2025-12-23,2430.8328222037494,,,,
2025-12-24,2410.4439935589257,,,,
2025-12-26,2428.2809896886038,,,,
2025-12-27,2465.5351278044654,,,,
2025-12-29,2425.92076988269,,,,
2025-12-30,2456.515907094156,,,,
2025-12-31,2478.307499736684,,,,
2026-01-01,2454.1327819510916,,,,
2026-01-02,2463.601754654908,,,,
2026-01-03,2516.212062691197,,,,
2026-01-05,2542.00932130235,,,,
2026-01-06,2507.8516354673375,,,,
2026-01-07,2521.512572071779,,,,
2026-01-08,2527.10046274264,,,,
2026-01-09,2547.428845918531,,,,
2026-01-10,2564.4201577846734,,,,
2026-01-12,2527.085241366759,,,,
2026-01-13,2477.531087828976,,,,
2026-01-14,2466.641435031077,,,,
2026-01-16,2477.768420534704,,,,
2026-01-17,2429.2803148593457,,,,
2026-01-19,2479.01026599143,,,,
2026-01-20,2498.694770004984,,,,
2026-01-21,2462.6194667723894,,,,
2026-01-22,2464.8075059170174,,,,
2026-01-23,2545.612315821676,,,,
2026-01-24,2542.4329427573953,,,,
2026-01-27,2449.0642552830304,,,,
2026-01-28,2447.9492967112724,,,,
2026-01-29,2469.698298643108,,,,
2026-01-30,2438.4308400028917,,,,
2026-01-31,2470.7758542712363,,,,
2026-02-02,2451.2422714650675,,,,
2026-02-03,2423.7265300890863,,,,
2026-02-04,2477.524008662497,,,,
2026-02-05,2483.917808935394,,,,
2026-02-06,2504.66,,,,
2026-02-13,,2466.3,2026-02-06,7.0,v1.0
2026-02-20,,2427.4,2026-02-06,14.0,v1.0
2026-02-21,2414.5292099043972,,,,
2026-02-23,2457.2296978121376,,,,
2026-02-24,2448.4170627539024,,,,
2026-02-25,2417.521823246092,,,,
2026-02-26,2404.093620882549,,,,
2026-02-27,2414.847635017355,,,,
2026-02-28,2350.08,2466.8,2026-02-21,7.0,v1.0
2026-03-02,,2445.7,2026-02-23,7.0,v1.0
2026-03-03,,2432.6,2026-02-24,7.0,v1.0
2026-03-04,,2432.6,2026-02-25,7.0,v1.0
2026-03-05,,2441.6,2026-02-26,7.0,v1.0
2026-03-06,,2432.7,2026-02-27,7.0,v1.0
2026-03-06,,2470.4,2026-02-06,28.0,v1.0
2026-03-07,,2398.7,2026-02-21,14.0,v1.0
2026-03-07,,2431.7,2026-02-28,7.0,v1.0
2026-03-09,,2398.5,2026-02-23,14.0,v1.0
2026-03-10,,2298.8,2026-02-24,14.0,v1.0
2026-03-11,,2295.5,2026-02-25,14.0,v1.0
2026-03-12,,2395.4,2026-02-26,14.0,v1.0
2026-03-13,,2306.4,2026-02-27,14.0,v1.0
2026-03-14,,2292.3,2026-02-28,14.0,v1.0
2026-03-21,,2560.3,2026-02-21,28.0,v1.0
2026-03-23,,2560.3,2026-02-23,28.0,v1.0
2026-03-24,,2560.3,2026-02-24,28.0,v1.0
2026-03-25,,2560.3,2026-02-25,28.0,v1.0
2026-03-26,,2560.3,2026-02-26,28.0,v1.0
2026-03-27,,2560.3,2026-02-27,28.0,v1.0
2026-03-28,,2468.5,2026-02-28,28.0,v1.0
2026-05-07,,2162.6,2026-02-06,90.0,v1.0
2026-05-22,,2151.2,2026-02-21,90.0,v1.0
2026-05-24,,2151.2,2026-02-23,90.0,v1.0
2026-05-25,,2151.2,2026-02-24,90.0,v1.0
2026-05-26,,2151.2,2026-02-25,90.0,v1.0
2026-05-27,,2151.2,2026-02-26,90.0,v1.0
2026-05-28,,2151.2,2026-02-27,90.0,v1.0
2026-05-29,,2151.2,2026-02-28,90.0,v1.0
